"","ESD.CODE","STATE","PHASE","PHASE.NAME","VEG","NOTES"
"1","R036XY325CO","REFERENCE","1.1","PERENNIAL SHRUBLAND/GRASSLAND","ARTRW8",NA
"2","R036XY325CO","REFERENCE","1.1","PERENNIAL SHRUBLAND/GRASSLAND","PG/AG",NA
"3","R036XY325CO","REFERENCE","1.1","PERENNIAL SHRUBLAND/GRASSLAND","SH",NA
"4","R036XY325CO","REFERENCE","1.1","PERENNIAL SHRUBLAND/GRASSLAND","PF/AF",NA
"5","R036XY325CO","REFERENCE","1.2","PERENNIAL GRASSLAND","PLJA",NA
"6","R036XY325CO","REFERENCE","1.2","PERENNIAL GRASSLAND","ACHY",NA
"7","R036XY325CO","REFERENCE","1.2","PERENNIAL GRASSLAND","PG/AG",NA
"8","R036XY325CO","REFERENCE","1.2","PERENNIAL GRASSLAND","SH",NA
"9","R036XY325CO","REFERENCE","1.2","PERENNIAL GRASSLAND","AF/PF",NA
"10","R036XY325CO","REFERENCE","1.3","PERENNIAL SHRUBLAND","ARTRW8",NA
"11","R036XY325CO","REFERENCE","1.3","PERENNIAL SHRUBLAND","GUSA",NA
"12","R036XY325CO","REFERENCE","1.3","PERENNIAL SHRUBLAND","ACHY",NA
"13","R036XY325CO","REFERENCE","1.3","PERENNIAL SHRUBLAND","PLJA",NA
"14","R036XY325CO","REFERENCE","1.3","PERENNIAL SHRUBLAND","PG/AG",NA
"15","R036XY325CO","REFERENCE","1.3","PERENNIAL SHRUBLAND","SH",NA
"16","R036XY325CO","REFERENCE","1.3","PERENNIAL SHRUBLAND","PF/AF",NA
"17","R036XY325CO","CURRENT POTENTIAL","2.1","PERENNIAL SHRUBLAND/GRASSLAND","ARTRW8",NA
"18","R036XY325CO","CURRENT POTENTIAL","2.1","PERENNIAL SHRUBLAND/GRASSLAND","PLJA",NA
"19","R036XY325CO","CURRENT POTENTIAL","2.1","PERENNIAL SHRUBLAND/GRASSLAND","ACHY",NA
"20","R036XY325CO","CURRENT POTENTIAL","2.1","PERENNIAL SHRUBLAND/GRASSLAND","PG/AG",NA
"21","R036XY325CO","CURRENT POTENTIAL","2.1","PERENNIAL SHRUBLAND/GRASSLAND","SH",NA
"22","R036XY325CO","CURRENT POTENTIAL","2.1","PERENNIAL SHRUBLAND/GRASSLAND","PF/AF",NA
"23","R036XY325CO","CURRENT POTENTIAL","2.1","PERENNIAL SHRUBLAND/GRASSLAND","NOXIOUS","PRESENT"
"24","R036XY325CO","CURRENT POTENTIAL","2.2","PERENNIAL GRASSLAND","PLJA",NA
"25","R036XY325CO","CURRENT POTENTIAL","2.2","PERENNIAL GRASSLAND","ACHY",NA
"26","R036XY325CO","CURRENT POTENTIAL","2.2","PERENNIAL GRASSLAND","PG/AG",NA
"27","R036XY325CO","CURRENT POTENTIAL","2.2","PERENNIAL GRASSLAND","SH",NA
"28","R036XY325CO","CURRENT POTENTIAL","2.2","PERENNIAL GRASSLAND","PF/AF",NA
"29","R036XY325CO","CURRENT POTENTIAL","2.2","PERENNIAL GRASSLAND","NOXIOUS","PRESENT"
"30","R036XY325CO","CURRENT POTENTIAL","2.3","PERENNIAL SHRUBLAND","ARTRW8",NA
"31","R036XY325CO","CURRENT POTENTIAL","2.3","PERENNIAL SHRUBLAND","GUSA",NA
"32","R036XY325CO","CURRENT POTENTIAL","2.3","PERENNIAL SHRUBLAND","ACHY",NA
"33","R036XY325CO","CURRENT POTENTIAL","2.3","PERENNIAL SHRUBLAND","PLJA",NA
"34","R036XY325CO","CURRENT POTENTIAL","2.3","PERENNIAL SHRUBLAND","PG/AG",NA
"35","R036XY325CO","CURRENT POTENTIAL","2.3","PERENNIAL SHRUBLAND","SH",NA
"36","R036XY325CO","CURRENT POTENTIAL","2.3","PERENNIAL SHRUBLAND","PF/AF",NA
"37","R036XY325CO","CURRENT POTENTIAL","2.4","PJ ENCROACHED SHRUBLAND","ARTRW8",NA
"38","R036XY325CO","CURRENT POTENTIAL","2.4","PJ ENCROACHED SHRUBLAND","JUOS",NA
"39","R036XY325CO","CURRENT POTENTIAL","2.4","PJ ENCROACHED SHRUBLAND","PG/AG",NA
"40","R036XY325CO","CURRENT POTENTIAL","2.4","PJ ENCROACHED SHRUBLAND","SH",NA
"41","R036XY325CO","CURRENT POTENTIAL","2.4","PJ ENCROACHED SHRUBLAND","AG/PF",NA
"42","R036XY325CO","CURRENT POTENTIAL","2.4","PJ ENCROACHED SHRUBLAND","NOXIOUS","PRESENT"
"43","R036XY325CO","DEPAUPERATE","3.1","SHRUBLAND","ARTRW8",NA
"44","R036XY325CO","DEPAUPERATE","3.1","SHRUBLAND","GUSA",NA
"45","R036XY325CO","DEPAUPERATE","3.1","SHRUBLAND","PG/AG","SPARSE-ABSENT"
"46","R036XY325CO","DEPAUPERATE","3.1","SHRUBLAND","PF/AF","SPARSE-ABSENT"
"47","R036XY325CO","DEPAUPERATE","3.2","ENCROACHED SHRUBLAND","ARTRW8",NA
"48","R036XY325CO","DEPAUPERATE","3.2","ENCROACHED SHRUBLAND","JUOS",NA
"49","R036XY325CO","DEPAUPERATE","3.2","ENCROACHED SHRUBLAND","PG","SPARSE-ABSENT"
"50","R036XY325CO","DEPAUPERATE","3.2","ENCROACHED SHRUBLAND","PF/AF","SPARSE-ABSENT"
"51","R036XY325CO","JUNIPER ENCHROACHMENT","4.1","JUNIPER ENCROACHMENT","JUOS",NA
"52","R036XY325CO","JUNIPER ENCHROACHMENT","4.1","JUNIPER ENCROACHMENT","ARTRW8",NA
"53","R036XY325CO","JUNIPER ENCHROACHMENT","4.1","JUNIPER ENCROACHMENT","PG",NA
"54","R036XY325CO","JUNIPER ENCHROACHMENT","4.1","JUNIPER ENCROACHMENT","PF/AF",NA
"55","R036XY325CO","INVASIVE ANNUAL","5.1","SAGEBRUSH WITH ANNUALS","BRTE",NA
"56","R036XY325CO","INVASIVE ANNUAL","5.1","SAGEBRUSH WITH ANNUALS","ARTRW8",NA
"57","R036XY325CO","INVASIVE ANNUAL","5.1","SAGEBRUSH WITH ANNUALS","PG/AG",NA
"58","R036XY325CO","INVASIVE ANNUAL","5.1","SAGEBRUSH WITH ANNUALS","PF/AF",NA
"59","R036XY325CO","INVASIVE ANNUAL","5.1","SAGEBRUSH WITH ANNUALS","SH",NA
"60","R036XY325CO","INVASIVE ANNUAL","5.1","SAGEBRUSH WITH ANNUALS","TR",NA
"61","R036XY325CO","INVASIVE ANNUAL","5.2","ANNUAL MONOCULTURE","BRTE",NA
"62","R036XY325CO","INVASIVE ANNUAL","5.2","ANNUAL MONOCULTURE","AF",NA
"63","R036XY325CO","INVASIVE ANNUAL","5.2","ANNUAL MONOCULTURE","CHVI8",NA
"64","R036XY325CO","INVASIVE ANNUAL","5.2","ANNUAL MONOCULTURE","PG/AG",NA
"65","R036XY325CO","SEEDED","6.1","GRASSLAND","PG -SEEDED",NA
"66","R036XY325CO","SEEDED","6.1","GRASSLAND","PG/AG",NA
"67","R036XY325CO","SEEDED","6.1","GRASSLAND","SH",NA
"68","R036XY325CO","SEEDED","6.1","GRASSLAND","AF/PF",NA
"69","R036XY325CO","SEEDED","6.2","GRASSLAND/SHRUBLAND","PG -SEEDED",NA
"70","R036XY325CO","SEEDED","6.2","GRASSLAND/SHRUBLAND","ARTRW8",NA
"71","R036XY325CO","SEEDED","6.2","GRASSLAND/SHRUBLAND","SH",NA
"72","R036XY325CO","SEEDED","6.2","GRASSLAND/SHRUBLAND","PG/AG",NA
"73","R036XY325CO","SEEDED","6.2","GRASSLAND/SHRUBLAND","AF/PF",NA
"74","R036XY325CO","SEEDED","6.3","SHRUBLAND","ARTRW8",NA
"75","R036XY325CO","SEEDED","6.3","SHRUBLAND","PG -SEEDED",NA
"76","R036XY325CO","SEEDED","6.3","SHRUBLAND","AG/PG",NA
"77","R036XY325CO","SEEDED","6.3","SHRUBLAND","SH",NA
"78","R036XY325CO","SEEDED","6.3","SHRUBLAND","AF/PF",NA
"79","R036XY325CO","SEEDED","6.3","SHRUBLAND","JUOS","ABSENT-SPARSE"
"80","R036XY325CO","SEEDED","6.3","SHRUBLAND","PIED","ABSENT-SPARSE"
"81","R026XY114CO","REFERENCE","1.1","PJ WOODLAND","JUOS",NA
"82","R026XY114CO","REFERENCE","1.1","PJ WOODLAND","PIED","SCATTERED"
"83","R026XY114CO","REFERENCE","1.1","PJ WOODLAND","PG/AG",NA
"84","R026XY114CO","REFERENCE","1.1","PJ WOODLAND","SH",NA
"85","R026XY114CO","REFERENCE","1.1","PJ WOODLAND","PF/AF",NA
"86","R026XY114CO","REFERENCE","1.2","MATURE PJ WOODLAND","PIED","CO-DOMINANT"
"87","R026XY114CO","REFERENCE","1.2","MATURE PJ WOODLAND","JUOS","CO-DOMINANT"
"88","R026XY114CO","REFERENCE","1.2","MATURE PJ WOODLAND","PG/AG",NA
"89","R026XY114CO","REFERENCE","1.2","MATURE PJ WOODLAND","PF/AF",NA
"90","R026XY114CO","REFERENCE","1.2","MATURE PJ WOODLAND","SH",NA
"91","R026XY114CO","REFERENCE","1.3","PERENNIAL SHRUBLAND WITH SCATTERED PJ","PG/AG",NA
"92","R026XY114CO","REFERENCE","1.3","PERENNIAL SHRUBLAND WITH SCATTERED PJ","SH",NA
"93","R026XY114CO","REFERENCE","1.3","PERENNIAL SHRUBLAND WITH SCATTERED PJ","PF/AF",NA
"94","R026XY114CO","REFERENCE","1.3","PERENNIAL SHRUBLAND WITH SCATTERED PJ","JUOS","SCATTERED/STARTING TO RE-ESTABLISH"
"95","R026XY114CO","REFERENCE","1.3","PERENNIAL SHRUBLAND WITH SCATTERED PJ","PIED","SCATTERED/STARTING TO RE-ESTABLISH"
"96","R026XY114CO","CURRENT POTENTIAL","2.1","PJ WOODLAND","JUOS","SCATTERED"
"97","R026XY114CO","CURRENT POTENTIAL","2.1","PJ WOODLAND","PIED","SCATTERED"
"98","R026XY114CO","CURRENT POTENTIAL","2.1","PJ WOODLAND","PG/AG",NA
"99","R026XY114CO","CURRENT POTENTIAL","2.1","PJ WOODLAND","PF/AF",NA
"100","R026XY114CO","CURRENT POTENTIAL","2.1","PJ WOODLAND","SH",NA
"101","R026XY114CO","CURRENT POTENTIAL","2.1","PJ WOODLAND","NOXIOUS","PRESENT"
"102","R026XY114CO","CURRENT POTENTIAL","2.2","MATURE PJ WOODLAND","JUOS","CO-DOMINANT"
"103","R026XY114CO","CURRENT POTENTIAL","2.2","MATURE PJ WOODLAND","PIED","CO-DOMINANT"
"104","R026XY114CO","CURRENT POTENTIAL","2.2","MATURE PJ WOODLAND","PG/AG",NA
"105","R026XY114CO","CURRENT POTENTIAL","2.2","MATURE PJ WOODLAND","PF/AF",NA
"106","R026XY114CO","CURRENT POTENTIAL","2.2","MATURE PJ WOODLAND","SH",NA
"107","R026XY114CO","CURRENT POTENTIAL","2.2","MATURE PJ WOODLAND","NOXIOUS","PRESENT"
"108","R026XY114CO","CURRENT POTENTIAL","2.3","PERENNIAL SHRUBLAND WITH SCATTERED PJ","JUOS","SCATTERED/STARTING TO RE-ESTABLISH"
"109","R026XY114CO","CURRENT POTENTIAL","2.3","PERENNIAL SHRUBLAND WITH SCATTERED PJ","PIED","SCATTERED/STARTING TO RE-ESTABLISH"
"110","R026XY114CO","CURRENT POTENTIAL","2.3","PERENNIAL SHRUBLAND WITH SCATTERED PJ","PG/AG",NA
"111","R026XY114CO","CURRENT POTENTIAL","2.3","PERENNIAL SHRUBLAND WITH SCATTERED PJ","PF/AF",NA
"112","R026XY114CO","CURRENT POTENTIAL","2.3","PERENNIAL SHRUBLAND WITH SCATTERED PJ","SH",NA
"113","R026XY114CO","CURRENT POTENTIAL","2.3","PERENNIAL SHRUBLAND WITH SCATTERED PJ","NOXIOUS","PRESENT"
"114","R026XY114CO","INVASIVE","3.1","WOODLAND WITH INVASIVE PLANTS","PIED",NA
"115","R026XY114CO","INVASIVE","3.1","WOODLAND WITH INVASIVE PLANTS","JUOS",NA
"116","R026XY114CO","INVASIVE","3.1","WOODLAND WITH INVASIVE PLANTS","BRTE",NA
"117","R026XY114CO","INVASIVE","3.1","WOODLAND WITH INVASIVE PLANTS","PG/AG",NA
"118","R026XY114CO","INVASIVE","3.1","WOODLAND WITH INVASIVE PLANTS","PF/AF",NA
"119","R026XY114CO","INVASIVE","3.1","WOODLAND WITH INVASIVE PLANTS","SH",NA
"120","R026XY114CO","INVASIVE","3.1","WOODLAND WITH INVASIVE PLANTS","M/LC/CY","DENSE"
"121","R026XY114CO","INVASIVE","3.2","INVASIVE ANNUAL","PIED",NA
"122","R026XY114CO","INVASIVE","3.2","INVASIVE ANNUAL","JUOS",NA
"123","R026XY114CO","INVASIVE","3.2","INVASIVE ANNUAL","BRTE",NA
"124","R026XY114CO","INVASIVE","3.2","INVASIVE ANNUAL","PG","SPARSE-ABSENT"
"125","R026XY114CO","INVASIVE","3.2","INVASIVE ANNUAL","PF","SPARSE-ABSENT"
"126","R026XY114CO","INVASIVE","3.2","INVASIVE ANNUAL","SH",NA
"127","R026XY114CO","INVASIVE","3.2","INVASIVE ANNUAL","M/LC/CY","DENSE"
"128","R026XY114CO","SEEDED","4.1","SEEDED GRASSLAND/SHRUBLAND","PG/AG",NA
"129","R026XY114CO","SEEDED","4.1","SEEDED GRASSLAND/SHRUBLAND","SH",NA
"130","R026XY114CO","SEEDED","4.1","SEEDED GRASSLAND/SHRUBLAND","PF/AF",NA
"131","R026XY114CO","SEEDED","4.2","SEEDED WITH PJ","PG/AG",NA
"132","R026XY114CO","SEEDED","4.2","SEEDED WITH PJ","PIED","SCATTERED"
"133","R026XY114CO","SEEDED","4.2","SEEDED WITH PJ","JUOS","SCATTERED"
"134","R026XY114CO","SEEDED","4.2","SEEDED WITH PJ","SH",NA
"135","R026XY114CO","SEEDED","4.2","SEEDED WITH PJ","PF/AF",NA
"136","R034BY404CO","REFERENCE","1.1","PERENNIAL GRASS-SHRUBS","PLJA",NA
"137","R034BY404CO","REFERENCE","1.1","PERENNIAL GRASS-SHRUBS","ACHY",NA
"138","R034BY404CO","REFERENCE","1.1","PERENNIAL GRASS-SHRUBS","ATCO",NA
"139","R034BY404CO","REFERENCE","1.1","PERENNIAL GRASS-SHRUBS","KRLA",NA
"140","R034BY404CO","REFERENCE","1.2","SHRUB DOMINATED","ATCO","DOMINANT"
"141","R034BY404CO","REFERENCE","1.2","SHRUB DOMINATED","KRLA","DOMINANT"
"142","R034BY404CO","REFERENCE","1.2","SHRUB DOMINATED","PG","SPARSE"
"143","R034BY404CO","CURRENT POTENTIAL","2.1","GRASS-SHRUB MIX","PLJA","CO-DOMINANT"
"144","R034BY404CO","CURRENT POTENTIAL","2.1","GRASS-SHRUB MIX","ACHY","CO-DOMINANT"
"145","R034BY404CO","CURRENT POTENTIAL","2.1","GRASS-SHRUB MIX","ATCO","CO-DOMINANT"
"146","R034BY404CO","CURRENT POTENTIAL","2.1","GRASS-SHRUB MIX","KRLA","CO-DOMINANT"
"147","R034BY404CO","CURRENT POTENTIAL","2.1","GRASS-SHRUB MIX","NOXIOUS ANNUAL","PRESENT"
"148","R034BY404CO","CURRENT POTENTIAL","2.2","ANNUAL SPECIES CO-DOMINANT","NOXIOUS ANNUAL",NA
"149","R034BY404CO","CURRENT POTENTIAL","2.2","ANNUAL SPECIES CO-DOMINANT","PG",NA
"150","R034BY404CO","CURRENT POTENTIAL","2.2","ANNUAL SPECIES CO-DOMINANT","SH",NA
"151","R034BY404CO","SNAKEWEED/RABBITBRUSH","3.1","SNAKEWEED/RABBITBRUSH DOMINATED","GUSA","DOMINANT"
"152","R034BY404CO","SNAKEWEED/RABBITBRUSH","3.1","SNAKEWEED/RABBITBRUSH DOMINATED","PG","PRESENT"
"153","R034BY404CO","SNAKEWEED/RABBITBRUSH","3.1","SNAKEWEED/RABBITBRUSH DOMINATED","NOXIOUS ANNUAL","PRESENT"
"154","R036XY113CO","REFERENCE","1.1","PJ WOODLAND","JUOS","SCATTERED"
"155","R036XY113CO","REFERENCE","1.1","PJ WOODLAND","PIED",NA
"156","R036XY113CO","REFERENCE","1.1","PJ WOODLAND","PG/AG",NA
"157","R036XY113CO","REFERENCE","1.1","PJ WOODLAND","PF/AF",NA
"158","R036XY113CO","REFERENCE","1.1","PJ WOODLAND","SH","CODOMINANT WITH UTAH JUNIPER"
"159","R036XY113CO","REFERENCE","1.2","MATURE PJ WOODLAND","PIED","CODOMINANT WITH PINYON"
"160","R036XY113CO","REFERENCE","1.2","MATURE PJ WOODLAND","JUOS",NA
"161","R036XY113CO","REFERENCE","1.2","MATURE PJ WOODLAND","PG/AG",NA
"162","R036XY113CO","REFERENCE","1.2","MATURE PJ WOODLAND","PF/AF",NA
"163","R036XY113CO","REFERENCE","1.2","MATURE PJ WOODLAND","SH","OTHER"
"164","R036XY113CO","REFERENCE","1.3","PERENNIAL SHRUBLAND WITH SCATTERED PJ","PG/AG",NA
"165","R036XY113CO","REFERENCE","1.3","PERENNIAL SHRUBLAND WITH SCATTERED PJ","SH",NA
"166","R036XY113CO","REFERENCE","1.3","PERENNIAL SHRUBLAND WITH SCATTERED PJ","PF/AF","SCATTERED"
"167","R036XY113CO","REFERENCE","1.3","PERENNIAL SHRUBLAND WITH SCATTERED PJ","JUOS","SCATTERED"
"168","R036XY113CO","REFERENCE","1.3","PERENNIAL SHRUBLAND WITH SCATTERED PJ","PIED",NA
"169","R036XY113CO","CURRENT POTENTIAL","2.1","PJ WOODLAND","JUOS","SCATTERED"
"170","R036XY113CO","CURRENT POTENTIAL","2.1","PJ WOODLAND","PIED",NA
"171","R036XY113CO","CURRENT POTENTIAL","2.1","PJ WOODLAND","PG/AG",NA
"172","R036XY113CO","CURRENT POTENTIAL","2.1","PJ WOODLAND","PF/AF",NA
"173","R036XY113CO","CURRENT POTENTIAL","2.1","PJ WOODLAND","SH","PRESENT"
"174","R036XY113CO","CURRENT POTENTIAL","2.1","PJ WOODLAND","NOXIOUS",NA
"175","R036XY113CO","CURRENT POTENTIAL","2.2","MATURE PJ WOODLAND","PIED",NA
"176","R036XY113CO","CURRENT POTENTIAL","2.2","MATURE PJ WOODLAND","JUOS",NA
"177","R036XY113CO","CURRENT POTENTIAL","2.2","MATURE PJ WOODLAND","PG/AG",NA
"178","R036XY113CO","CURRENT POTENTIAL","2.2","MATURE PJ WOODLAND","PF/AF",NA
"179","R036XY113CO","CURRENT POTENTIAL","2.2","MATURE PJ WOODLAND","SH","PRESENT"
"180","R036XY113CO","CURRENT POTENTIAL","2.2","MATURE PJ WOODLAND","NOXIOUS","OTHER"
"181","R036XY113CO","CURRENT POTENTIAL","2.3","PERENNIAL SHRUBLAND WITH SCATTERED PJ","PG/AG",NA
"182","R036XY113CO","CURRENT POTENTIAL","2.3","PERENNIAL SHRUBLAND WITH SCATTERED PJ","PF/AF","OTHER"
"183","R036XY113CO","CURRENT POTENTIAL","2.3","PERENNIAL SHRUBLAND WITH SCATTERED PJ","SH","SCATTERED"
"184","R036XY113CO","CURRENT POTENTIAL","2.3","PERENNIAL SHRUBLAND WITH SCATTERED PJ","JUOS","SCATTERED"
"185","R036XY113CO","CURRENT POTENTIAL","2.3","PERENNIAL SHRUBLAND WITH SCATTERED PJ","PIED","PRESENT"
"186","R036XY113CO","CURRENT POTENTIAL","2.3","PERENNIAL SHRUBLAND WITH SCATTERED PJ","NOXIOUS",NA
"187","R036XY113CO","INVASIVE","3.1","PJ WOODLAND WITH INVASIVE SPECIES","PIED",NA
"188","R036XY113CO","INVASIVE","3.1","PJ WOODLAND WITH INVASIVE SPECIES","JUOS",NA
"189","R036XY113CO","INVASIVE","3.1","PJ WOODLAND WITH INVASIVE SPECIES","BRTE",NA
"190","R036XY113CO","INVASIVE","3.1","PJ WOODLAND WITH INVASIVE SPECIES","FORB",NA
"191","R036XY113CO","INVASIVE","3.1","PJ WOODLAND WITH INVASIVE SPECIES","SH",NA
"192","R036XY113CO","INVASIVE","3.1","PJ WOODLAND WITH INVASIVE SPECIES","M/LC/CY","DENSE"
"193","R036XY113CO","INVASIVE","3.2","INVASIVE ANNUAL","PIED",NA
"194","R036XY113CO","INVASIVE","3.2","INVASIVE ANNUAL","JUOS",NA
"195","R036XY113CO","INVASIVE","3.2","INVASIVE ANNUAL","BRTE","SPARSE TO ABSENT"
"196","R036XY113CO","INVASIVE","3.2","INVASIVE ANNUAL","PG","SPARSE TO ABSENT"
"197","R036XY113CO","INVASIVE","3.2","INVASIVE ANNUAL","PF","DENSE"
"198","R036XY113CO","INVASIVE","3.2","INVASIVE ANNUAL","M/LC/CY","SEEDED"
"199","R036XY113CO","SEEDED","4.1","SEEDED GRASSLAND/SHRUBLAND","PG/AG","OTHER"
"200","R036XY113CO","SEEDED","4.1","SEEDED GRASSLAND/SHRUBLAND","PG/AG",NA
"201","R036XY113CO","SEEDED","4.1","SEEDED GRASSLAND/SHRUBLAND","SH",NA
"202","R036XY113CO","SEEDED","4.1","SEEDED GRASSLAND/SHRUBLAND","PF/AF","SEEDED"
"203","R036XY113CO","SEEDED","4.2","SEEDED WITH PJ","PG/AG","SCATTERED"
"204","R036XY113CO","SEEDED","4.2","SEEDED WITH PJ","PIED","SCATTERED"
"205","R036XY113CO","SEEDED","4.2","SEEDED WITH PJ","JUOS","OTHER"
"206","R036XY113CO","SEEDED","4.2","SEEDED WITH PJ","PG/AG",NA
"207","R036XY113CO","SEEDED","4.2","SEEDED WITH PJ","SH",NA
"208","R036XY113CO","SEEDED","4.2","SEEDED WITH PJ","PF/AF",NA
"209",NA,NA,NA,NA,NA,NA
"210","R036XY284CO","REFERENCE","1.1","PERENNIAL SHRUBLAND/GRASSLAND","ARTRW8",NA
"211","R036XY284CO","REFERENCE","1.1","PERENNIAL SHRUBLAND/GRASSLAND","POFE",NA
"212","R036XY284CO","REFERENCE","1.1","PERENNIAL SHRUBLAND/GRASSLAND","PASM",NA
"213","R036XY284CO","REFERENCE","1.1","PERENNIAL SHRUBLAND/GRASSLAND","PF/AF",NA
"214","R036XY284CO","REFERENCE","1.1","PERENNIAL SHRUBLAND/GRASSLAND","SH",NA
"215","R036XY284CO","REFERENCE","1.2","PERENNIAL GRASSLAND","POFE",NA
"216","R036XY284CO","REFERENCE","1.2","PERENNIAL GRASSLAND","PASM",NA
"217","R036XY284CO","REFERENCE","1.2","PERENNIAL GRASSLAND","ACHY",NA
"218","R036XY284CO","REFERENCE","1.2","PERENNIAL GRASSLAND","FORB",NA
"219","R036XY284CO","REFERENCE","1.2","PERENNIAL GRASSLAND","SH",NA
"220","R036XY284CO","REFERENCE","1.3","PERENNIAL SHRUBLAND","ARTRW8",NA
"221","R036XY284CO","REFERENCE","1.3","PERENNIAL SHRUBLAND","CHVI8",NA
"222","R036XY284CO","REFERENCE","1.3","PERENNIAL SHRUBLAND","PASM",NA
"223","R036XY284CO","REFERENCE","1.3","PERENNIAL SHRUBLAND","POFE",NA
"224","R036XY284CO","REFERENCE","1.3","PERENNIAL SHRUBLAND","PG/AG",NA
"225","R036XY284CO","REFERENCE","1.3","PERENNIAL SHRUBLAND","PF/AF",NA
"226","R036XY284CO","REFERENCE","1.3","PERENNIAL SHRUBLAND","SH",NA
"227","R036XY284CO","CURRENT POTENTIAL","2.1","PERENNIAL SHRUBLAND/GRASSLAND","ARTRW8",NA
"228","R036XY284CO","CURRENT POTENTIAL","2.1","PERENNIAL SHRUBLAND/GRASSLAND","POFE",NA
"229","R036XY284CO","CURRENT POTENTIAL","2.1","PERENNIAL SHRUBLAND/GRASSLAND","PASM",NA
"230","R036XY284CO","CURRENT POTENTIAL","2.1","PERENNIAL SHRUBLAND/GRASSLAND","ACHY",NA
"231","R036XY284CO","CURRENT POTENTIAL","2.1","PERENNIAL SHRUBLAND/GRASSLAND","PF/AF",NA
"232","R036XY284CO","CURRENT POTENTIAL","2.1","PERENNIAL SHRUBLAND/GRASSLAND","SH",NA
"233","R036XY284CO","CURRENT POTENTIAL","2.1","PERENNIAL SHRUBLAND/GRASSLAND","NOXIOUS","PRESENT"
"234","R036XY284CO","CURRENT POTENTIAL","2.2","PERENNIAL GRASSLAND","POFE",NA
"235","R036XY284CO","CURRENT POTENTIAL","2.2","PERENNIAL GRASSLAND","PASM",NA
"236","R036XY284CO","CURRENT POTENTIAL","2.2","PERENNIAL GRASSLAND","ACHY",NA
"237","R036XY284CO","CURRENT POTENTIAL","2.2","PERENNIAL GRASSLAND","PF/AF",NA
"238","R036XY284CO","CURRENT POTENTIAL","2.2","PERENNIAL GRASSLAND","SH",NA
"239","R036XY284CO","CURRENT POTENTIAL","2.2","PERENNIAL GRASSLAND","NOXIOUS","PRESENT"
"240","R036XY284CO","CURRENT POTENTIAL","2.3","PERENNIAL SHRUBLAND","ARTRW8",NA
"241","R036XY284CO","CURRENT POTENTIAL","2.3","PERENNIAL SHRUBLAND","CHVI8",NA
"242","R036XY284CO","CURRENT POTENTIAL","2.3","PERENNIAL SHRUBLAND","PASM",NA
"243","R036XY284CO","CURRENT POTENTIAL","2.3","PERENNIAL SHRUBLAND","POFE",NA
"244","R036XY284CO","CURRENT POTENTIAL","2.3","PERENNIAL SHRUBLAND","PG/AG",NA
"245","R036XY284CO","CURRENT POTENTIAL","2.3","PERENNIAL SHRUBLAND","PF/AF",NA
"246","R036XY284CO","CURRENT POTENTIAL","2.3","PERENNIAL SHRUBLAND","SH",NA
"247","R036XY284CO","CURRENT POTENTIAL","2.3","PERENNIAL SHRUBLAND","NOXIOUS","PRESENT"
"248","R036XY284CO","PINYON-JUNIPER","3.1","PJ WITH UNDERSTORY","PIED",NA
"249","R036XY284CO","PINYON-JUNIPER","3.1","PJ WITH UNDERSTORY","JUOS",NA
"250","R036XY284CO","PINYON-JUNIPER","3.1","PJ WITH UNDERSTORY","PG",NA
"251","R036XY284CO","PINYON-JUNIPER","3.1","PJ WITH UNDERSTORY","PF",NA
"252","R036XY284CO","PINYON-JUNIPER","3.1","PJ WITH UNDERSTORY","SH",NA
"253","R036XY284CO","PINYON-JUNIPER","3.2","PJ WOODLAND","ARTRW8","DOMINANT"
"254","R036XY284CO","PINYON-JUNIPER","3.2","PJ WOODLAND","JUOS","ABUNDANT IN PATCHES"
"255","R036XY284CO","PINYON-JUNIPER","3.2","PJ WOODLAND","PG","SPARSE-ABSENT"
"256","R036XY284CO","PINYON-JUNIPER","3.2","PJ WOODLAND","PF","SPARSE-ABSENT"
"257","R036XY284CO","SEEDED","4.1","SEEDED GRASSLAND","PG/AG -SEEDED",NA
"258","R036XY284CO","SEEDED","4.1","SEEDED GRASSLAND","PG/AG",NA
"259","R036XY284CO","SEEDED","4.1","SEEDED GRASSLAND","PF/AF",NA
"260","R036XY284CO","SEEDED","4.1","SEEDED GRASSLAND","SH",NA
"261","R036XY284CO","SEEDED","4.2","SEEDED GRASSLAND/SHRUBLAND","PG/AG -SEEDED",NA
"262","R036XY284CO","SEEDED","4.2","SEEDED GRASSLAND/SHRUBLAND","PG/AG",NA
"263","R036XY284CO","SEEDED","4.2","SEEDED GRASSLAND/SHRUBLAND","PF/AF",NA
"264","R036XY284CO","SEEDED","4.2","SEEDED GRASSLAND/SHRUBLAND","SH",NA
"265","R036XY284CO","SEEDED","4.2","SEEDED GRASSLAND/SHRUBLAND","ARTRW8",NA
"266","R036XY284CO","SEEDED","4.3","SEEDED SHRUBLAND","PG/AG -SEEDED",NA
"267","R036XY284CO","SEEDED","4.3","SEEDED SHRUBLAND","PG/AG",NA
"268","R036XY284CO","SEEDED","4.3","SEEDED SHRUBLAND","PF/AF",NA
"269","R036XY284CO","SEEDED","4.3","SEEDED SHRUBLAND","SH",NA
"270","R036XY284CO","SEEDED","4.3","SEEDED SHRUBLAND","ARTRW8",NA
"271","R036XY284CO","SEEDED","4.3","SEEDED SHRUBLAND","JUOS","MAY BE PRESENT"
"272","R036XY284CO","SEEDED","4.3","SEEDED SHRUBLAND","PIED","MAY BE PRESENT"
"273","R036XY284CO","INVASIVE ANNUAL","5.1","SAGEBRUSH WITH ANNUALS","BRTE",NA
"274","R036XY284CO","INVASIVE ANNUAL","5.1","SAGEBRUSH WITH ANNUALS","ARTRW8",NA
"275","R036XY284CO","INVASIVE ANNUAL","5.1","SAGEBRUSH WITH ANNUALS","PG/AG",NA
"276","R036XY284CO","INVASIVE ANNUAL","5.1","SAGEBRUSH WITH ANNUALS","PF/AF",NA
"277","R036XY284CO","INVASIVE ANNUAL","5.1","SAGEBRUSH WITH ANNUALS","SH",NA
"278","R036XY284CO","INVASIVE ANNUAL","5.1","SAGEBRUSH WITH ANNUALS","TR",NA
"279","R036XY284CO","INVASIVE ANNUAL","5.2","ANNUAL MONOCULTURE","BRTE",NA
"280","R036XY284CO","INVASIVE ANNUAL","5.2","ANNUAL MONOCULTURE","AF",NA
"281","R036XY284CO","INVASIVE ANNUAL","5.2","ANNUAL MONOCULTURE","CHVI8",NA
"282","R036XY284CO","INVASIVE ANNUAL","5.2","ANNUAL MONOCULTURE","PG/AG",NA
"283","R034BY109UT","REFERENCE","1.1","1.1","ATCO",NA
"284","R034BY109UT","REFERENCE","1.1","1.1","PIDE4",NA
"285","R034BY109UT","REFERENCE","1.1","1.1","ACHY",NA
"286","R034BY109UT","REFERENCE","1.2","1.2","ATCO",NA
"287","R034BY109UT","REFERENCE","1.2","1.2","SH","OTHER"
"288","R034BY109UT","REFERENCE","1.2","1.2","ACHY",NA
"289","R034BY109UT","REFERENCE","1.2","1.2","PG","OTHER"
"290","R034BY109UT","CURRENT POTENTIAL","2.1","2.1","ATCO",NA
"291","R034BY109UT","CURRENT POTENTIAL","2.1","2.1","PIDE4",NA
"292","R034BY109UT","CURRENT POTENTIAL","2.1","2.1","ACHY",NA
"293","R034BY109UT","CURRENT POTENTIAL","2.1","2.1","NOXIOUS",NA
"294","R034BY109UT","CURRENT POTENTIAL","2.1","2.1","ANNUAL NON-NATIVE","PRESENT"
"295","R034BY109UT","CURRENT POTENTIAL","2.2","2.2","ATCO",NA
"296","R034BY109UT","CURRENT POTENTIAL","2.2","2.2","SH","OTHER"
"297","R034BY109UT","CURRENT POTENTIAL","2.2","2.2","ACHY",NA
"298","R034BY109UT","CURRENT POTENTIAL","2.2","2.2","PG","OTHER"
"299","R034BY109UT","CURRENT POTENTIAL","2.2","2.2","ANNUAL NON-NATIVE","PRESENT"
"300","R034BY109UT","CURRENT POTENTIAL","2.3","2.3","ATCO",NA
"301","R034BY109UT","CURRENT POTENTIAL","2.3","2.3","SH","SPROUTING"
"302","R034BY109UT","CURRENT POTENTIAL","2.3","2.3","ACHY",NA
"303","R034BY109UT","CURRENT POTENTIAL","2.3","2.3","PG","OTHER"
"304","R034BY109UT","CURRENT POTENTIAL","2.3","2.3","ANNUAL NON-NATIVE","PRESENT"
"305","R034BY109UT","SHRUB","3.1","3.1","ATCO",NA
"306","R034BY109UT","SHRUB","3.1","3.1","PIDE4",NA
"307","R034BY109UT","SHRUB","3.1","3.1","SH","OTHER"
"308","R034BY109UT","SHRUB","3.1","3.1","ANNUAL NON-NATIVE","PRESENT"
"309","R034BY109UT","SHRUB","3.1","3.1","DESIREABLE SPECIES","TRACE"
"310","R034BY109UT","ANNUAL","4.1","4.1","HAGL",NA
"311","R034BY109UT","ANNUAL","4.1","4.1","BRTE",NA
"312","R034BY109UT","ANNUAL","4.1","4.1","ANNUAL NON-NATIVE","OTHER"
"313","R034BY109UT","ANNUAL","4.1","4.1","ATCO",NA
"314","R034BY109UT","ANNUAL","4.1","4.1","CHVI8",NA
"315",NA,NA,NA,NA,NA,NA
"316","R034BY106UT","REFERENCE","1.1","1.1","ATCO",NA
"317","R034BY106UT","REFERENCE","1.1","1.1","PIDE4",NA
"318","R034BY106UT","REFERENCE","1.1","1.1","ACHY",NA
"319","R034BY106UT","REFERENCE","1.2","1.2","ATCO",NA
"320","R034BY106UT","REFERENCE","1.2","1.2","SH","OTHER"
"321","R034BY106UT","REFERENCE","1.2","1.2","ACHY",NA
"322","R034BY106UT","REFERENCE","1.2","1.2","PG","OTHER"
"323","R034BY106UT","CURRENT POTENTIAL","2.1","2.1","ATCO",NA
"324","R034BY106UT","CURRENT POTENTIAL","2.1","2.1","PIDE4",NA
"325","R034BY106UT","CURRENT POTENTIAL","2.1","2.1","ACHY",NA
"326","R034BY106UT","CURRENT POTENTIAL","2.1","2.1","ANNUAL NON-NATIVE","PRESENT"
"327","R034BY106UT","CURRENT POTENTIAL","2.2","2.2","ATCO",NA
"328","R034BY106UT","CURRENT POTENTIAL","2.2","2.2","SH","OTHER"
"329","R034BY106UT","CURRENT POTENTIAL","2.2","2.2","ACHY",NA
"330","R034BY106UT","CURRENT POTENTIAL","2.2","2.2","PG","OTHER"
"331","R034BY106UT","CURRENT POTENTIAL","2.2","2.2","ANNUAL NON-NATIVE","PRESENT"
"332","R034BY106UT","CURRENT POTENTIAL","2.3","2.3","ATCO",NA
"333","R034BY106UT","CURRENT POTENTIAL","2.3","2.3","SH",NA
"334","R034BY106UT","CURRENT POTENTIAL","2.3","2.3","ACHY",NA
"335","R034BY106UT","CURRENT POTENTIAL","2.3","2.3","PG","OTHER"
"336","R034BY106UT","CURRENT POTENTIAL","2.3","2.3","ANNUAL NON-NATIVE","PRESENT"
"337","R034BY106UT","SHRUB","3.1","3.1","ATCO",NA
"338","R034BY106UT","SHRUB","3.1","3.1","PIDE4",NA
"339","R034BY106UT","SHRUB","3.1","3.1","SH",NA
"340","R034BY106UT","SHRUB","3.1","3.1","ANNUAL NON-NATIVE","PRESENT"
"341","R034BY106UT","SHRUB","3.1","3.1","DESIREABLE SPECIES","TRACE"
"342","R034BY106UT","ANNUAL","4.1","4.1","HAGL",NA
"343","R034BY106UT","ANNUAL","4.1","4.1","BRTE",NA
"344","R034BY106UT","ANNUAL","4.1","4.1","ANNUAL NON-NATIVE","OTHER"
"345","R034BY106UT","ANNUAL","4.1","4.1","ATCO",NA
"346","R034BY106UT","ANNUAL","4.1","4.1","CHVI8",NA
"347",NA,NA,NA,NA,NA,NA
"348","R036XY287CO","REFERENCE","1.1","PJ WOODLAND","JUOS",NA
"349","R036XY287CO","REFERENCE","1.1","PJ WOODLAND","PIED","SCATTERED"
"350","R036XY287CO","REFERENCE","1.1","PJ WOODLAND","PG/AG",NA
"351","R036XY287CO","REFERENCE","1.1","PJ WOODLAND","PF/AF",NA
"352","R036XY287CO","REFERENCE","1.1","PJ WOODLAND","SH",NA
"353","R036XY287CO","REFERENCE","1.2","MATURE PJ WOODLAND","PIED","CODOMINANT WITH UTAH JUNIPER"
"354","R036XY287CO","REFERENCE","1.2","MATURE PJ WOODLAND","JUOS","CODOMINANT WITH PINYON"
"355","R036XY287CO","REFERENCE","1.2","MATURE PJ WOODLAND","PG/AG",NA
"356","R036XY287CO","REFERENCE","1.2","MATURE PJ WOODLAND","PF/AF",NA
"357","R036XY287CO","REFERENCE","1.2","MATURE PJ WOODLAND","SH",NA
"358","R036XY287CO","REFERENCE","1.3","PERENNIAL SHRUBLAND WITH SCATTERED PG","PG/AG","OTHER"
"359","R036XY287CO","REFERENCE","1.3","PERENNIAL SHRUBLAND WITH SCATTERED PG","SH",NA
"360","R036XY287CO","REFERENCE","1.3","PERENNIAL SHRUBLAND WITH SCATTERED PG","PF/AF",NA
"361","R036XY287CO","REFERENCE","1.3","PERENNIAL SHRUBLAND WITH SCATTERED PG","JUOS","SCATTERED"
"362","R036XY287CO","REFERENCE","1.3","PERENNIAL SHRUBLAND WITH SCATTERED PG","PIED","SCATTERED"
"363","R036XY287CO","CURRENT POTENTIAL","2.1","PJ WOODLAND","JUOS",NA
"364","R036XY287CO","CURRENT POTENTIAL","2.1","PJ WOODLAND","PIED","SCATTERED"
"365","R036XY287CO","CURRENT POTENTIAL","2.1","PJ WOODLAND","PG/AG",NA
"366","R036XY287CO","CURRENT POTENTIAL","2.1","PJ WOODLAND","PF/AF",NA
"367","R036XY287CO","CURRENT POTENTIAL","2.1","PJ WOODLAND","SH",NA
"368","R036XY287CO","CURRENT POTENTIAL","2.1","PJ WOODLAND","NOXIOUS","PRESENT"
"369","R036XY287CO","CURRENT POTENTIAL","2.2","MATURE PJ WOODLAND","PIED","CODOMINANT WITH UTAH JUNIPER"
"370","R036XY287CO","CURRENT POTENTIAL","2.2","MATURE PJ WOODLAND","JUOS","CODOMINANT WITH PINYON"
"371","R036XY287CO","CURRENT POTENTIAL","2.2","MATURE PJ WOODLAND","PG/AG",NA
"372","R036XY287CO","CURRENT POTENTIAL","2.2","MATURE PJ WOODLAND","PF/AF",NA
"373","R036XY287CO","CURRENT POTENTIAL","2.2","MATURE PJ WOODLAND","SH",NA
"374","R036XY287CO","CURRENT POTENTIAL","2.2","MATURE PJ WOODLAND","NOXIOUS","PRESENT"
"375","R036XY287CO","CURRENT POTENTIAL","2.3","PERENNIAL SHRUBLAND WITH SCATTERED PG","PG/AG","OTHER"
"376","R036XY287CO","CURRENT POTENTIAL","2.3","PERENNIAL SHRUBLAND WITH SCATTERED PG","PF/AF",NA
"377","R036XY287CO","CURRENT POTENTIAL","2.3","PERENNIAL SHRUBLAND WITH SCATTERED PG","SH","OTHER"
"378","R036XY287CO","CURRENT POTENTIAL","2.3","PERENNIAL SHRUBLAND WITH SCATTERED PG","JUOS","SCATTERED"
"379","R036XY287CO","CURRENT POTENTIAL","2.3","PERENNIAL SHRUBLAND WITH SCATTERED PG","PIED","SCATTERED"
"380","R036XY287CO","CURRENT POTENTIAL","2.3","PERENNIAL SHRUBLAND WITH SCATTERED PG","NOXIOUS","PRESENT"
"381","R036XY287CO","INVASIVE","3.1","PJ WOODLAND WITH INVASIVE SPECIES","PJ",NA
"382","R036XY287CO","INVASIVE","3.1","PJ WOODLAND WITH INVASIVE SPECIES","BRTE",NA
"383","R036XY287CO","INVASIVE","3.1","PJ WOODLAND WITH INVASIVE SPECIES","PG/AG","OTHER"
"384","R036XY287CO","INVASIVE","3.1","PJ WOODLAND WITH INVASIVE SPECIES","PF/AF",NA
"385","R036XY287CO","INVASIVE","3.1","PJ WOODLAND WITH INVASIVE SPECIES","SH",NA
"386","R036XY287CO","INVASIVE","3.1","PJ WOODLAND WITH INVASIVE SPECIES","M/LC/CY","DENSE"
"387","R036XY287CO","INVASIVE","3.2","INVASIVE ANNUAL","PJ",NA
"388","R036XY287CO","INVASIVE","3.2","INVASIVE ANNUAL","BRTE",NA
"389","R036XY287CO","INVASIVE","3.2","INVASIVE ANNUAL","PG/AG","SPARSE"
"390","R036XY287CO","INVASIVE","3.2","INVASIVE ANNUAL","PF/AF","SPARSE"
"391","R036XY287CO","INVASIVE","3.2","INVASIVE ANNUAL","M/LC/CY","DENSE"
"392","R036XY287CO","SEEDED","4.1","SEEDED GRASSLAND/SHRUBLAND","PG/AG","SEEDED"
"393","R036XY287CO","SEEDED","4.1","SEEDED GRASSLAND/SHRUBLAND","PG/AG","OTHER"
"394","R036XY287CO","SEEDED","4.1","SEEDED GRASSLAND/SHRUBLAND","SH",NA
"395","R036XY287CO","SEEDED","4.1","SEEDED GRASSLAND/SHRUBLAND","PF/AF",NA
"396","R036XY287CO","SEEDED","4.2","SEEDED WITH PJ","PG/AG","SEEDED"
"397","R036XY287CO","SEEDED","4.2","SEEDED WITH PJ","PIED","SCATTERED"
"398","R036XY287CO","SEEDED","4.2","SEEDED WITH PJ","JUOS","SCATTERED"
"399","R036XY287CO","SEEDED","4.2","SEEDED WITH PJ","PG/AG","OTHER"
"400","R036XY287CO","SEEDED","4.2","SEEDED WITH PJ","SH",NA
"401","R036XY287CO","SEEDED","4.2","SEEDED WITH PJ","PF/AF",NA
"402","R034BY104UT","REFERENCE","1.1","1.1","ATCO",NA
"403","R034BY104UT","REFERENCE","1.1","1.1","PIDE4",NA
"404","R034BY104UT","REFERENCE","1.1","1.1","ACHY",NA
"405","R034BY104UT","REFERENCE","1.2","1.2","ATCO",NA
"406","R034BY104UT","REFERENCE","1.2","1.2","SH","OTHER"
"407","R034BY104UT","REFERENCE","1.2","1.2","ACHY",NA
"408","R034BY104UT","REFERENCE","1.2","1.2","PG","OTHER"
"409","R034BY104UT","CURRENT POTENTIAL","2.1","2.1","ATCO",NA
"410","R034BY104UT","CURRENT POTENTIAL","2.1","2.1","PIDE4",NA
"411","R034BY104UT","CURRENT POTENTIAL","2.1","2.1","ACHY",NA
"412","R034BY104UT","CURRENT POTENTIAL","2.1","2.1","ANNUAL NON-NATIVE","PRESENT"
"413","R034BY104UT","CURRENT POTENTIAL","2.2","2.2","ATCO",NA
"414","R034BY104UT","CURRENT POTENTIAL","2.2","2.2","SH","OTHER"
"415","R034BY104UT","CURRENT POTENTIAL","2.2","2.2","ACHY",NA
"416","R034BY104UT","CURRENT POTENTIAL","2.2","2.2","PG","OTHER"
"417","R034BY104UT","CURRENT POTENTIAL","2.2","2.2","ANNUAL NON-NATIVE","PRESENT"
"418","R034BY104UT","CURRENT POTENTIAL","2.3","2.3","ATCO",NA
"419","R034BY104UT","CURRENT POTENTIAL","2.3","2.3","SH","OTHER"
"420","R034BY104UT","CURRENT POTENTIAL","2.3","2.3","ACHY",NA
"421","R034BY104UT","CURRENT POTENTIAL","2.3","2.3","PG","OTHER"
"422","R034BY104UT","CURRENT POTENTIAL","2.3","2.3","ANNUAL NON-NATIVE","PRESENT"
"423","R034BY104UT","SHRUB","3.1","3.1","ATCO",NA
"424","R034BY104UT","SHRUB","3.1","3.1","PIDE4",NA
"425","R034BY104UT","SHRUB","3.1","3.1","SH","OTHER"
"426","R034BY104UT","SHRUB","3.1","3.1","ANNUAL NON-NATIVE","PRESENT"
"427","R034BY104UT","SHRUB","3.1","3.1","DESIREABLE SPECIES","TRACE"
"428","R034BY104UT","ANNUAL","4.1","4.1","HAGL",NA
"429","R034BY104UT","ANNUAL","4.1","4.1","BRTE",NA
"430","R034BY104UT","ANNUAL","4.1","4.1","ANNUAL NON-NATIVE","OTHER"
"431","R034BY104UT","ANNUAL","4.1","4.1","ATCO","MINOR"
"432","R034BY104UT","ANNUAL","4.1","4.1","CHVI8","MINOR"
"433","R036XY289CO","REFERENCE","1.1","PERENNIAL GRASSLAND/SRUBLAND","ARTRW8",NA
"434","R036XY289CO","REFERENCE","1.1","PERENNIAL GRASSLAND/SRUBLAND","PASM",NA
"435","R036XY289CO","REFERENCE","1.1","PERENNIAL GRASSLAND/SRUBLAND","ACHY",NA
"436","R036XY289CO","REFERENCE","1.1","PERENNIAL GRASSLAND/SRUBLAND","PF/AF",NA
"437","R036XY289CO","REFERENCE","1.1","PERENNIAL GRASSLAND/SRUBLAND","SH","OTHER"
"438","R036XY289CO","REFERENCE","1.2","PERENNIAL GRASSLAND","PASM",NA
"439","R036XY289CO","REFERENCE","1.2","PERENNIAL GRASSLAND","ACHY",NA
"440","R036XY289CO","REFERENCE","1.2","PERENNIAL GRASSLAND","PF/AF",NA
"441","R036XY289CO","REFERENCE","1.2","PERENNIAL GRASSLAND","SH","OTHER"
"442","R036XY289CO","REFERENCE","1.3","PERENNIAL SHRUBLAND","ARTRW8",NA
"443","R036XY289CO","REFERENCE","1.3","PERENNIAL SHRUBLAND","CHVI8",NA
"444","R036XY289CO","REFERENCE","1.3","PERENNIAL SHRUBLAND","PASM",NA
"445","R036XY289CO","REFERENCE","1.3","PERENNIAL SHRUBLAND","PG/AG","OTHER"
"446","R036XY289CO","REFERENCE","1.3","PERENNIAL SHRUBLAND","PF/AF",NA
"447","R036XY289CO","REFERENCE","1.3","PERENNIAL SHRUBLAND","SH","OTHER"
"448","R036XY289CO","CURRENT POTENTIAL","2.1","PERENNIAL GRASSLAND/SHRUBLAND","ARTRW8",NA
"449","R036XY289CO","CURRENT POTENTIAL","2.1","PERENNIAL GRASSLAND/SHRUBLAND","PASM",NA
"450","R036XY289CO","CURRENT POTENTIAL","2.1","PERENNIAL GRASSLAND/SHRUBLAND","ACHY",NA
"451","R036XY289CO","CURRENT POTENTIAL","2.1","PERENNIAL GRASSLAND/SHRUBLAND","PF/AF",NA
"452","R036XY289CO","CURRENT POTENTIAL","2.1","PERENNIAL GRASSLAND/SHRUBLAND","SH","OTHER"
"453","R036XY289CO","CURRENT POTENTIAL","2.1","PERENNIAL GRASSLAND/SHRUBLAND","NOXIOUS","PRESENT"
"454","R036XY289CO","CURRENT POTENTIAL","2.2","PERENNIAL GRASSLAND","PASM",NA
"455","R036XY289CO","CURRENT POTENTIAL","2.2","PERENNIAL GRASSLAND","ACHY",NA
"456","R036XY289CO","CURRENT POTENTIAL","2.2","PERENNIAL GRASSLAND","PF/AF",NA
"457","R036XY289CO","CURRENT POTENTIAL","2.2","PERENNIAL GRASSLAND","SH","OTHER"
"458","R036XY289CO","CURRENT POTENTIAL","2.3","PERENNIAL SHRUBLAND","ARTRW8",NA
"459","R036XY289CO","CURRENT POTENTIAL","2.3","PERENNIAL SHRUBLAND","CHVI8",NA
"460","R036XY289CO","CURRENT POTENTIAL","2.3","PERENNIAL SHRUBLAND","PASM",NA
"461","R036XY289CO","CURRENT POTENTIAL","2.3","PERENNIAL SHRUBLAND","PG/AG",NA
"462","R036XY289CO","CURRENT POTENTIAL","2.3","PERENNIAL SHRUBLAND","PF/AF",NA
"463","R036XY289CO","CURRENT POTENTIAL","2.3","PERENNIAL SHRUBLAND","SH","OTHER"
"464","R036XY289CO","CURRENT POTENTIAL","2.3","PERENNIAL SHRUBLAND","NOXIOUS","PRESENT"
"465","R036XY289CO","PINYON-JUNIPER","3.1","PJ WITH UNDERSTORY","PIED",NA
"466","R036XY289CO","PINYON-JUNIPER","3.1","PJ WITH UNDERSTORY","JUOS",NA
"467","R036XY289CO","PINYON-JUNIPER","3.1","PJ WITH UNDERSTORY","ARTRW8",NA
"468","R036XY289CO","PINYON-JUNIPER","3.1","PJ WITH UNDERSTORY","PG",NA
"469","R036XY289CO","PINYON-JUNIPER","3.1","PJ WITH UNDERSTORY","AF/PF",NA
"470","R036XY289CO","PINYON-JUNIPER","3.1","PJ WITH UNDERSTORY","SH",NA
"471","R036XY289CO","PINYON-JUNIPER","3.2","PJ WOODLAND","ARTRW8",NA
"472","R036XY289CO","PINYON-JUNIPER","3.2","PJ WOODLAND","JUOS","IN PATCHES"
"473","R036XY289CO","PINYON-JUNIPER","3.2","PJ WOODLAND","PG","SPARSE"
"474","R036XY289CO","PINYON-JUNIPER","3.2","PJ WOODLAND","PF","SPARSE"
"475","R036XY289CO","SEEDED","4.1","SEEDED GRASSLAND","PG/AG","SEEDED"
"476","R036XY289CO","SEEDED","4.1","SEEDED GRASSLAND","PG/AG","OTHER"
"477","R036XY289CO","SEEDED","4.1","SEEDED GRASSLAND","SH",NA
"478","R036XY289CO","SEEDED","4.1","SEEDED GRASSLAND","PF/AF",NA
"479","R036XY289CO","SEEDED","4.2","SEEDED GRASSLAND/SHRUBLAND","PG/AG","SEEDED"
"480","R036XY289CO","SEEDED","4.2","SEEDED GRASSLAND/SHRUBLAND","ARTRW8",NA
"481","R036XY289CO","SEEDED","4.2","SEEDED GRASSLAND/SHRUBLAND","SH","OTHER"
"482","R036XY289CO","SEEDED","4.2","SEEDED GRASSLAND/SHRUBLAND","PG/AG",NA
"483","R036XY289CO","SEEDED","4.2","SEEDED GRASSLAND/SHRUBLAND","PF/AF",NA
"484","R036XY289CO","SEEDED","4.3","SEEDED SHRUBLAND","ARTRW8",NA
"485","R036XY289CO","SEEDED","4.3","SEEDED SHRUBLAND","PG/AG","SEEDED"
"486","R036XY289CO","SEEDED","4.3","SEEDED SHRUBLAND","PG/AG","OTHER"
"487","R036XY289CO","SEEDED","4.3","SEEDED SHRUBLAND","SH",NA
"488","R036XY289CO","SEEDED","4.3","SEEDED SHRUBLAND","PF/AF",NA
"489","R036XY289CO","SEEDED","4.3","SEEDED SHRUBLAND","JUOS","MAY BE PRESENT"
"490","R036XY289CO","SEEDED","4.3","SEEDED SHRUBLAND","PIED","MAY BE PRESENT"
"491","R036XY289CO","INVASIVE ANNUAL","5.1","SAGEBRUSH WITH ANNUALS","BRTE",NA
"492","R036XY289CO","INVASIVE ANNUAL","5.1","SAGEBRUSH WITH ANNUALS","ARTRT",NA
"493","R036XY289CO","INVASIVE ANNUAL","5.1","SAGEBRUSH WITH ANNUALS","PG/AG","OTHER"
"494","R036XY289CO","INVASIVE ANNUAL","5.1","SAGEBRUSH WITH ANNUALS","PF/AF",NA
"495","R036XY289CO","INVASIVE ANNUAL","5.1","SAGEBRUSH WITH ANNUALS","SH","OTHER"
"496","R036XY289CO","INVASIVE ANNUAL","5.1","SAGEBRUSH WITH ANNUALS","TR",NA
"497","R036XY289CO","INVASIVE ANNUAL","5.2","ANNUAL MONOCULTURE","BRTE",NA
"498","R036XY289CO","INVASIVE ANNUAL","5.2","ANNUAL MONOCULTURE","AF",NA
"499","R036XY289CO","INVASIVE ANNUAL","5.2","ANNUAL MONOCULTURE","CHVI8",NA
"500","R036XY289CO","INVASIVE ANNUAL","5.2","ANNUAL MONOCULTURE","PG/AG","OTHER"
"501","R036XY326CO","REFERENCE","1.1","PERENNIAL SHRUBLAND/GRASSLAND","ARTRW8",NA
"502","R036XY326CO","REFERENCE","1.1","PERENNIAL SHRUBLAND/GRASSLAND","HECO26",NA
"503","R036XY326CO","REFERENCE","1.1","PERENNIAL SHRUBLAND/GRASSLAND","PG/AG","OTHER"
"504","R036XY326CO","REFERENCE","1.1","PERENNIAL SHRUBLAND/GRASSLAND","SH",NA
"505","R036XY326CO","REFERENCE","1.1","PERENNIAL SHRUBLAND/GRASSLAND","PF/AF",NA
"506","R036XY326CO","REFERENCE","1.2","PERENNIAL GRASSLAND","HECO26",NA
"507","R036XY326CO","REFERENCE","1.2","PERENNIAL GRASSLAND","PLJA",NA
"508","R036XY326CO","REFERENCE","1.2","PERENNIAL GRASSLAND","ACHY",NA
"509","R036XY326CO","REFERENCE","1.2","PERENNIAL GRASSLAND","PG/AG","OTHER"
"510","R036XY326CO","REFERENCE","1.2","PERENNIAL GRASSLAND","SH",NA
"511","R036XY326CO","REFERENCE","1.2","PERENNIAL GRASSLAND","PF/AF",NA
"512","R036XY326CO","REFERENCE","1.3","PERENNIAL SHRUBLAND","HECO26",NA
"513","R036XY326CO","REFERENCE","1.3","PERENNIAL SHRUBLAND","GUSA",NA
"514","R036XY326CO","REFERENCE","1.3","PERENNIAL SHRUBLAND","ACHY",NA
"515","R036XY326CO","REFERENCE","1.3","PERENNIAL SHRUBLAND","PLJA",NA
"516","R036XY326CO","REFERENCE","1.3","PERENNIAL SHRUBLAND","ARTRW8",NA
"517","R036XY326CO","REFERENCE","1.3","PERENNIAL SHRUBLAND","PG/AG","OTHER"
"518","R036XY326CO","REFERENCE","1.3","PERENNIAL SHRUBLAND","SH","OTHER"
"519","R036XY326CO","REFERENCE","1.3","PERENNIAL SHRUBLAND","PF/AF",NA
"520","R036XY326CO","CURRENT POTENTIAL","2.1","PERENNIAL SHRUBLAND/GRASSLAND","ARTRW8",NA
"521","R036XY326CO","CURRENT POTENTIAL","2.1","PERENNIAL SHRUBLAND/GRASSLAND","HECO26",NA
"522","R036XY326CO","CURRENT POTENTIAL","2.1","PERENNIAL SHRUBLAND/GRASSLAND","ACHY",NA
"523","R036XY326CO","CURRENT POTENTIAL","2.1","PERENNIAL SHRUBLAND/GRASSLAND","PLJA",NA
"524","R036XY326CO","CURRENT POTENTIAL","2.1","PERENNIAL SHRUBLAND/GRASSLAND","PG/AG","OTHER"
"525","R036XY326CO","CURRENT POTENTIAL","2.1","PERENNIAL SHRUBLAND/GRASSLAND","SH",NA
"526","R036XY326CO","CURRENT POTENTIAL","2.1","PERENNIAL SHRUBLAND/GRASSLAND","PF/AF",NA
"527","R036XY326CO","CURRENT POTENTIAL","2.1","PERENNIAL SHRUBLAND/GRASSLAND","NOXIOUS","PRESENT"
"528","R036XY326CO","CURRENT POTENTIAL","2.2","PERENNIAL GRASSLAND","HECO26",NA
"529","R036XY326CO","CURRENT POTENTIAL","2.2","PERENNIAL GRASSLAND","PLJA",NA
"530","R036XY326CO","CURRENT POTENTIAL","2.2","PERENNIAL GRASSLAND","ACHY",NA
"531","R036XY326CO","CURRENT POTENTIAL","2.2","PERENNIAL GRASSLAND","PG/AG","OTHER"
"532","R036XY326CO","CURRENT POTENTIAL","2.2","PERENNIAL GRASSLAND","SH",NA
"533","R036XY326CO","CURRENT POTENTIAL","2.2","PERENNIAL GRASSLAND","PF/AF",NA
"534","R036XY326CO","CURRENT POTENTIAL","2.2","PERENNIAL GRASSLAND","NOXIOUS","PRESENT"
"535","R036XY326CO","CURRENT POTENTIAL","2.3","PERENNIAL SHRUBLAND","ARTRW8",NA
"536","R036XY326CO","CURRENT POTENTIAL","2.3","PERENNIAL SHRUBLAND","GUSA",NA
"537","R036XY326CO","CURRENT POTENTIAL","2.3","PERENNIAL SHRUBLAND","ACHY",NA
"538","R036XY326CO","CURRENT POTENTIAL","2.3","PERENNIAL SHRUBLAND","PLJA",NA
"539","R036XY326CO","CURRENT POTENTIAL","2.3","PERENNIAL SHRUBLAND","PG/AG","OTHER"
"540","R036XY326CO","CURRENT POTENTIAL","2.3","PERENNIAL SHRUBLAND","SH","OTHER"
"541","R036XY326CO","CURRENT POTENTIAL","2.3","PERENNIAL SHRUBLAND","PF/AF",NA
"542","R036XY326CO","CURRENT POTENTIAL","2.4","PJ ENCROACHED SHRUBLAND","ARTRW8",NA
"543","R036XY326CO","CURRENT POTENTIAL","2.4","PJ ENCROACHED SHRUBLAND","JUOS",NA
"544","R036XY326CO","CURRENT POTENTIAL","2.4","PJ ENCROACHED SHRUBLAND","PG/AG",NA
"545","R036XY326CO","CURRENT POTENTIAL","2.4","PJ ENCROACHED SHRUBLAND","SH","OTHER"
"546","R036XY326CO","CURRENT POTENTIAL","2.4","PJ ENCROACHED SHRUBLAND","PF/AF",NA
"547","R036XY326CO","CURRENT POTENTIAL","2.4","PJ ENCROACHED SHRUBLAND","NOXIOUS","PRESENT"
"548","R036XY326CO","DEPAUPERATE","3.1","DEPAUPERATE SHRUBLAND","ARTRW8","DOMINATES"
"549","R036XY326CO","DEPAUPERATE","3.1","DEPAUPERATE SHRUBLAND","GUSA","ABUNDANT"
"550","R036XY326CO","DEPAUPERATE","3.1","DEPAUPERATE SHRUBLAND","PG","SPARSE"
"551","R036XY326CO","DEPAUPERATE","3.1","DEPAUPERATE SHRUBLAND","PF","SPARSE"
"552","R036XY326CO","DEPAUPERATE","3.2","DEPAUPERATE ENCROACHED SHRUBLAND","ARTRW8","DOMINATES"
"553","R036XY326CO","DEPAUPERATE","3.2","DEPAUPERATE ENCROACHED SHRUBLAND","JUOS","ABUNDANT IN PATCHES"
"554","R036XY326CO","DEPAUPERATE","3.2","DEPAUPERATE ENCROACHED SHRUBLAND","PG","SPARSE"
"555","R036XY326CO","DEPAUPERATE","3.2","DEPAUPERATE ENCROACHED SHRUBLAND","PF","SPARSE"
"556","R036XY326CO","JUNIPER ENCROACHMENT","4.1","JUNIPER ENCROACHEMENT","JUOS","CODOMINANT"
"557","R036XY326CO","JUNIPER ENCROACHMENT","4.1","JUNIPER ENCROACHEMENT","SAGEBRUSH","SPARSE"
"558","R036XY326CO","JUNIPER ENCROACHMENT","4.1","JUNIPER ENCROACHEMENT","PG",NA
"559","R036XY326CO","JUNIPER ENCROACHMENT","4.1","JUNIPER ENCROACHEMENT","PG",NA
"560","R036XY326CO","INVASIVE ANNUAL","5.1","SAGEBRUSH WITH ANNUALS","BRTE",NA
"561","R036XY326CO","INVASIVE ANNUAL","5.1","SAGEBRUSH WITH ANNUALS","ARTRW8",NA
"562","R036XY326CO","INVASIVE ANNUAL","5.1","SAGEBRUSH WITH ANNUALS","PG/AG","OTHER"
"563","R036XY326CO","INVASIVE ANNUAL","5.1","SAGEBRUSH WITH ANNUALS","PF/AF",NA
"564","R036XY326CO","INVASIVE ANNUAL","5.1","SAGEBRUSH WITH ANNUALS","SH",NA
"565","R036XY326CO","INVASIVE ANNUAL","5.1","SAGEBRUSH WITH ANNUALS","TR",NA
"566","R036XY326CO","INVASIVE ANNUAL","5.2","ANNUAL MONOCULTURE","BRTE",NA
"567","R036XY326CO","INVASIVE ANNUAL","5.2","ANNUAL MONOCULTURE","AF",NA
"568","R036XY326CO","INVASIVE ANNUAL","5.2","ANNUAL MONOCULTURE","CHVI8",NA
"569","R036XY326CO","INVASIVE ANNUAL","5.2","ANNUAL MONOCULTURE","PG/AG","OTHER"
"570","R036XY326CO","SEEDED","6.1","SEEDED GRASSLAND","PG/AG","SEEDED"
"571","R036XY326CO","SEEDED","6.1","SEEDED GRASSLAND","PG/AG","OTHER"
"572","R036XY326CO","SEEDED","6.1","SEEDED GRASSLAND","SH",NA
"573","R036XY326CO","SEEDED","6.1","SEEDED GRASSLAND","PF/AF",NA
"574","R036XY326CO","SEEDED","6.2","SEEDED GRASSLAND/SHRUBLAND","PG/AG","SEEDED"
"575","R036XY326CO","SEEDED","6.2","SEEDED GRASSLAND/SHRUBLAND","ARTRW8",NA
"576","R036XY326CO","SEEDED","6.2","SEEDED GRASSLAND/SHRUBLAND","SH","OTHER"
"577","R036XY326CO","SEEDED","6.2","SEEDED GRASSLAND/SHRUBLAND","PG/AG",NA
"578","R036XY326CO","SEEDED","6.2","SEEDED GRASSLAND/SHRUBLAND","PF/AF",NA
"579","R036XY326CO","SEEDED","6.3","SEEDED SHRUBLAND","ARTRW8",NA
"580","R036XY326CO","SEEDED","6.3","SEEDED SHRUBLAND","PG/AG","SEEDED"
"581","R036XY326CO","SEEDED","6.3","SEEDED SHRUBLAND","PG/AG","OTHER"
"582","R036XY326CO","SEEDED","6.3","SEEDED SHRUBLAND","SH",NA
"583","R036XY326CO","SEEDED","6.3","SEEDED SHRUBLAND","PF/AF",NA
"584","R036XY326CO","SEEDED","6.3","SEEDED SHRUBLAND","JUOS","MAY BE PRESENT"
"585","R036XY326CO","SEEDED","6.3","SEEDED SHRUBLAND","PIED","MAY BE PRESENT"
"586","R034BY322UT","REFERENCE","1.1","OPEN CANOPY","PIED",NA
"587","R034BY322UT","REFERENCE","1.1","OPEN CANOPY","JUOS",NA
"588","R034BY322UT","REFERENCE","1.1","OPEN CANOPY","CEMO2",NA
"589","R034BY322UT","REFERENCE","1.1","OPEN CANOPY","ARNO4",NA
"590","R034BY322UT","REFERENCE","1.1","OPEN CANOPY","PG",NA
"591","R034BY322UT","REFERENCE","1.1","OPEN CANOPY","SH","OTHER"
"592","R034BY322UT","REFERENCE","1.1","OPEN CANOPY","PF/AF",NA
"593","R034BY322UT","REFERENCE","1.2","CLOSED CANOPY","PIED",NA
"594","R034BY322UT","REFERENCE","1.2","CLOSED CANOPY","JUOS",NA
"595","R034BY322UT","REFERENCE","1.2","CLOSED CANOPY","CEMO2",NA
"596","R034BY322UT","REFERENCE","1.2","CLOSED CANOPY","ARNO4",NA
"597","R034BY322UT","REFERENCE","1.2","CLOSED CANOPY","PG","REDUCED"
"598","R034BY322UT","REFERENCE","1.2","CLOSED CANOPY","SH","OTHER"
"599","R034BY322UT","REFERENCE","1.2","CLOSED CANOPY","PF/AF","REDUCED"
"600","R034BY322UT","CURRENT POTENTIAL","2.1","OPEN CANOPY","PIED",NA
"601","R034BY322UT","CURRENT POTENTIAL","2.1","OPEN CANOPY","JUOS",NA
"602","R034BY322UT","CURRENT POTENTIAL","2.1","OPEN CANOPY","CEMO2",NA
"603","R034BY322UT","CURRENT POTENTIAL","2.1","OPEN CANOPY","ARNO4",NA
"604","R034BY322UT","CURRENT POTENTIAL","2.1","OPEN CANOPY","PG",NA
"605","R034BY322UT","CURRENT POTENTIAL","2.1","OPEN CANOPY","PF/AF",NA
"606","R034BY322UT","CURRENT POTENTIAL","2.1","OPEN CANOPY","SH","OTHER"
"607","R034BY322UT","CURRENT POTENTIAL","2.2","CLOSED CANOPY","PIED",NA
"608","R034BY322UT","CURRENT POTENTIAL","2.2","CLOSED CANOPY","JUOS",NA
"609","R034BY322UT","CURRENT POTENTIAL","2.2","CLOSED CANOPY","CEMO2",NA
"610","R034BY322UT","CURRENT POTENTIAL","2.2","CLOSED CANOPY","ARNO4",NA
"611","R034BY322UT","CURRENT POTENTIAL","2.2","CLOSED CANOPY","PG","REDUCED"
"612","R034BY322UT","CURRENT POTENTIAL","2.2","CLOSED CANOPY","SH","OTHER"
"613","R034BY322UT","CURRENT POTENTIAL","2.2","CLOSED CANOPY","AF/PF","REDUCED"
"614","R034BY112UT","REFERENCE","1.1","DESERT GRASSLAND/SHRUBLAND","ACHY",NA
"615","R034BY112UT","REFERENCE","1.1","DESERT GRASSLAND/SHRUBLAND","PLJA",NA
"616","R034BY112UT","REFERENCE","1.1","DESERT GRASSLAND/SHRUBLAND","ATCA2",NA
"617","R034BY112UT","REFERENCE","1.1","DESERT GRASSLAND/SHRUBLAND","PG","OTHER"
"618","R034BY112UT","REFERENCE","1.1","DESERT GRASSLAND/SHRUBLAND","PF/AF",NA
"619","R034BY112UT","REFERENCE","1.2","DESERT GRASSLAND","ACHY",NA
"620","R034BY112UT","REFERENCE","1.2","DESERT GRASSLAND","PLJA",NA
"621","R034BY112UT","REFERENCE","1.2","DESERT GRASSLAND","PG","OTHER"
"622","R034BY112UT","REFERENCE","1.2","DESERT GRASSLAND","PF/AF",NA
"623","R034BY112UT","REFERENCE","1.3","DESERT SHRUBLAND","ATCA2",NA
"624","R034BY112UT","REFERENCE","1.3","DESERT SHRUBLAND","ACHY",NA
"625","R034BY112UT","REFERENCE","1.3","DESERT SHRUBLAND","PLJA",NA
"626","R034BY112UT","REFERENCE","1.3","DESERT SHRUBLAND","PG","OTHER"
"627","R034BY112UT","REFERENCE","1.3","DESERT SHRUBLAND","PF/AF",NA
"628","R034BY112UT","CURRENT POTENTIAL","2.1","DESERT GRASSLAND/SHRUBLAND","ACHY",NA
"629","R034BY112UT","CURRENT POTENTIAL","2.1","DESERT GRASSLAND/SHRUBLAND","PLJA",NA
"630","R034BY112UT","CURRENT POTENTIAL","2.1","DESERT GRASSLAND/SHRUBLAND","ATCA2",NA
"631","R034BY112UT","CURRENT POTENTIAL","2.1","DESERT GRASSLAND/SHRUBLAND","PG","OTHER"
"632","R034BY112UT","CURRENT POTENTIAL","2.1","DESERT GRASSLAND/SHRUBLAND","PF/AF",NA
"633","R034BY112UT","CURRENT POTENTIAL","2.1","DESERT GRASSLAND/SHRUBLAND","NON-NATIVE","PRESENT"
"634","R034BY112UT","CURRENT POTENTIAL","2.2","DESERT GRASSLAND","ACHY",NA
"635","R034BY112UT","CURRENT POTENTIAL","2.2","DESERT GRASSLAND","PLJA",NA
"636","R034BY112UT","CURRENT POTENTIAL","2.2","DESERT GRASSLAND","PG","OTHER"
"637","R034BY112UT","CURRENT POTENTIAL","2.2","DESERT GRASSLAND","PF/AF",NA
"638","R034BY112UT","CURRENT POTENTIAL","2.2","DESERT GRASSLAND","NON-NATIVE","PRESENT"
"639","R034BY112UT","CURRENT POTENTIAL","2.3","DESERT SHRUBLAND","ATCA2",NA
"640","R034BY112UT","CURRENT POTENTIAL","2.3","DESERT SHRUBLAND","ACHY",NA
"641","R034BY112UT","CURRENT POTENTIAL","2.3","DESERT SHRUBLAND","PLJA",NA
"642","R034BY112UT","CURRENT POTENTIAL","2.3","DESERT SHRUBLAND","PG","OTHER"
"643","R034BY112UT","CURRENT POTENTIAL","2.3","DESERT SHRUBLAND","PF/AF",NA
"644","R034BY112UT","CURRENT POTENTIAL","2.3","DESERT SHRUBLAND","NON-NATIVE","PRESENT"
"645","R034BY112UT","DISTURBED","3.1","DISTURBED GRASSLAND/SHRUBLAND","GUSA",NA
"646","R034BY112UT","DISTURBED","3.1","DISTURBED GRASSLAND/SHRUBLAND","NOXIOUS FORB",NA
"647","R034BY112UT","DISTURBED","3.1","DISTURBED GRASSLAND/SHRUBLAND","NOXIOUS GRASS",NA
"648","R034BY112UT","ANNUAL GRASS","4.1","CHEATGRASS DOMINATED","BRTE",NA
"649","R034BY112UT","ANNUAL GRASS","4.1","CHEATGRASS DOMINATED","ACHY",NA
"650","R034BY112UT","ANNUAL GRASS","4.1","CHEATGRASS DOMINATED","PLJA",NA
"651","R034BY112UT","ANNUAL GRASS","4.1","CHEATGRASS DOMINATED","ATCA2",NA
"652","R034BY112UT","ANNUAL GRASS","4.1","CHEATGRASS DOMINATED","PF/AF",NA
"653","R034BY112UT","ANNUAL GRASS","4.1","CHEATGRASS DOMINATED","NOXIOUS FORB",NA
"654","R034BY112UT","ANNUAL GRASS","4.2","CHEATGRASS MONOCULTURE","BRTE",NA
"655","R034BY112UT","ANNUAL GRASS","4.2","CHEATGRASS MONOCULTURE","NOXIOUS ANNUAL FORB",NA
"656","R036XY111CO","REFERENCE","1.1","PJ WOODLAND","JUOS",NA
"657","R036XY111CO","REFERENCE","1.1","PJ WOODLAND","PIED","SCATTERED"
"658","R036XY111CO","REFERENCE","1.1","PJ WOODLAND","PG/AG",NA
"659","R036XY111CO","REFERENCE","1.1","PJ WOODLAND","PF/AF",NA
"660","R036XY111CO","REFERENCE","1.1","PJ WOODLAND","SH",NA
"661","R036XY111CO","REFERENCE","1.2","MATURE PJ WOODLAND","PIED","CODOMINANT WITH UTAH JUNIPER"
"662","R036XY111CO","REFERENCE","1.2","MATURE PJ WOODLAND","JUOS","CODOMINANT WITH PINYON"
"663","R036XY111CO","REFERENCE","1.2","MATURE PJ WOODLAND","PG/AG",NA
"664","R036XY111CO","REFERENCE","1.2","MATURE PJ WOODLAND","PF/AF",NA
"665","R036XY111CO","REFERENCE","1.2","MATURE PJ WOODLAND","SH",NA
"666","R036XY111CO","REFERENCE","1.3","PERENNIAL SHRUBLAND WITH SCATTERED PJ","PG/AG","OTHER"
"667","R036XY111CO","REFERENCE","1.3","PERENNIAL SHRUBLAND WITH SCATTERED PJ","SH",NA
"668","R036XY111CO","REFERENCE","1.3","PERENNIAL SHRUBLAND WITH SCATTERED PJ","PF/AF",NA
"669","R036XY111CO","REFERENCE","1.3","PERENNIAL SHRUBLAND WITH SCATTERED PJ","JUOS","SCATTERED"
"670","R036XY111CO","REFERENCE","1.3","PERENNIAL SHRUBLAND WITH SCATTERED PJ","PIED","SCATTERED"
"671","R036XY111CO","CURRENT POTENTIAL","2.1","PJ WOODLAND","JUOS",NA
"672","R036XY111CO","CURRENT POTENTIAL","2.1","PJ WOODLAND","PIED","SCATTERED"
"673","R036XY111CO","CURRENT POTENTIAL","2.1","PJ WOODLAND","PG/AG",NA
"674","R036XY111CO","CURRENT POTENTIAL","2.1","PJ WOODLAND","PF/AF",NA
"675","R036XY111CO","CURRENT POTENTIAL","2.1","PJ WOODLAND","SH",NA
"676","R036XY111CO","CURRENT POTENTIAL","2.1","PJ WOODLAND","NOXIOUS","PRESENT"
"677","R036XY111CO","CURRENT POTENTIAL","2.2","MATURE PJ WOODLAND","PIED","CODOMINANT WITH UTAH JUNIPER"
"678","R036XY111CO","CURRENT POTENTIAL","2.2","MATURE PJ WOODLAND","JUOS","CODOMINANT WITH PINYON"
"679","R036XY111CO","CURRENT POTENTIAL","2.2","MATURE PJ WOODLAND","PG/AG",NA
"680","R036XY111CO","CURRENT POTENTIAL","2.2","MATURE PJ WOODLAND","PF/AF",NA
"681","R036XY111CO","CURRENT POTENTIAL","2.2","MATURE PJ WOODLAND","SH",NA
"682","R036XY111CO","CURRENT POTENTIAL","2.2","MATURE PJ WOODLAND","NOXIOUS","PRESENT"
"683","R036XY111CO","CURRENT POTENTIAL","2.3","PERENNIAL SHRUBLAND WITH SCATTERED PJ","PG/AG","OTHER"
"684","R036XY111CO","CURRENT POTENTIAL","2.3","PERENNIAL SHRUBLAND WITH SCATTERED PJ","PF/AF",NA
"685","R036XY111CO","CURRENT POTENTIAL","2.3","PERENNIAL SHRUBLAND WITH SCATTERED PJ","SH",NA
"686","R036XY111CO","CURRENT POTENTIAL","2.3","PERENNIAL SHRUBLAND WITH SCATTERED PJ","JUOS","SCATTERED"
"687","R036XY111CO","CURRENT POTENTIAL","2.3","PERENNIAL SHRUBLAND WITH SCATTERED PJ","PIED","SCATTERED"
"688","R036XY111CO","CURRENT POTENTIAL","2.3","PERENNIAL SHRUBLAND WITH SCATTERED PJ","NOXIOUS","PRESENT"
"689","R036XY111CO","INVASIVE","3.1","PJ WOODLAND WITH INVASIVE SPECIES","PJ",NA
"690","R036XY111CO","INVASIVE","3.1","PJ WOODLAND WITH INVASIVE SPECIES","BRTE",NA
"691","R036XY111CO","INVASIVE","3.1","PJ WOODLAND WITH INVASIVE SPECIES","PG/AG","OTHER"
"692","R036XY111CO","INVASIVE","3.1","PJ WOODLAND WITH INVASIVE SPECIES","PF/AF",NA
"693","R036XY111CO","INVASIVE","3.1","PJ WOODLAND WITH INVASIVE SPECIES","SH",NA
"694","R036XY111CO","INVASIVE","3.1","PJ WOODLAND WITH INVASIVE SPECIES","M/LC/CY","DENSE"
"695","R036XY111CO","INVASIVE","3.2","INVASIVE ANNUAL","PJ",NA
"696","R036XY111CO","INVASIVE","3.2","INVASIVE ANNUAL","BRTE",NA
"697","R036XY111CO","INVASIVE","3.2","INVASIVE ANNUAL","SH",NA
"698","R036XY111CO","INVASIVE","3.2","INVASIVE ANNUAL","PG","SPARSE"
"699","R036XY111CO","INVASIVE","3.2","INVASIVE ANNUAL","PF","SPARSE"
"700","R036XY111CO","INVASIVE","3.2","INVASIVE ANNUAL","M/LC/CY","DENSE"
"701","R036XY111CO","SEEDED","4.1","SEEDED GRASSLAND/SHRUBLAND","PG/AG","SEEDED"
"702","R036XY111CO","SEEDED","4.1","SEEDED GRASSLAND/SHRUBLAND","PG/AG","OTHER"
"703","R036XY111CO","SEEDED","4.1","SEEDED GRASSLAND/SHRUBLAND","SH",NA
"704","R036XY111CO","SEEDED","4.1","SEEDED GRASSLAND/SHRUBLAND","PF/AF",NA
"705","R036XY111CO","SEEDED","4.2","SEEDED WITH PJ","PG/AG","SEEDED"
"706","R036XY111CO","SEEDED","4.2","SEEDED WITH PJ","PIED","SCATTERED"
"707","R036XY111CO","SEEDED","4.2","SEEDED WITH PJ","JUOS","SCATTERED"
"708","R036XY111CO","SEEDED","4.2","SEEDED WITH PJ","PG/AG","OTHER"
"709","R036XY111CO","SEEDED","4.2","SEEDED WITH PJ","SH",NA
"710","R036XY111CO","SEEDED","4.2","SEEDED WITH PJ","PF/AF",NA
"711","R036XY445CO","REFERENCE","1.1","PJ WOODLAND","JUOS",NA
"712","R036XY445CO","REFERENCE","1.1","PJ WOODLAND","PIED","SCATTERED"
"713","R036XY445CO","REFERENCE","1.1","PJ WOODLAND","PG/AG",NA
"714","R036XY445CO","REFERENCE","1.1","PJ WOODLAND","PF/AF",NA
"715","R036XY445CO","REFERENCE","1.1","PJ WOODLAND","SH",NA
"716","R036XY445CO","REFERENCE","1.2","MATURE PJ WOODLAND","PIED","CODEPENDANT WITH UTAH JUNIPER"
"717","R036XY445CO","REFERENCE","1.2","MATURE PJ WOODLAND","JUOS","CODEPENDANT WITH PINYON"
"718","R036XY445CO","REFERENCE","1.2","MATURE PJ WOODLAND","PG/AG",NA
"719","R036XY445CO","REFERENCE","1.2","MATURE PJ WOODLAND","PF/AF",NA
"720","R036XY445CO","REFERENCE","1.2","MATURE PJ WOODLAND","SH",NA
"721","R036XY445CO","REFERENCE","1.3","PERENNIAL SHRUBLAND WITH SCATTERED PJ","PG/AG","OTHER"
"722","R036XY445CO","REFERENCE","1.3","PERENNIAL SHRUBLAND WITH SCATTERED PJ","SH",NA
"723","R036XY445CO","REFERENCE","1.3","PERENNIAL SHRUBLAND WITH SCATTERED PJ","PF/AF",NA
"724","R036XY445CO","REFERENCE","1.3","PERENNIAL SHRUBLAND WITH SCATTERED PJ","JUOS","SCATTERED"
"725","R036XY445CO","REFERENCE","1.3","PERENNIAL SHRUBLAND WITH SCATTERED PJ","PIED","SCATTERED"
"726","R036XY445CO","CURRENT POTENTIAL","2.1","PJ WOODLAND","JUOS",NA
"727","R036XY445CO","CURRENT POTENTIAL","2.1","PJ WOODLAND","PIED","SCATTERED"
"728","R036XY445CO","CURRENT POTENTIAL","2.1","PJ WOODLAND","PG/AG",NA
"729","R036XY445CO","CURRENT POTENTIAL","2.1","PJ WOODLAND","PF/AF",NA
"730","R036XY445CO","CURRENT POTENTIAL","2.1","PJ WOODLAND","SH",NA
"731","R036XY445CO","CURRENT POTENTIAL","2.1","PJ WOODLAND","NOXIOUS","PRESENT"
"732","R036XY445CO","CURRENT POTENTIAL","2.2","MATURE PJ WOODLAND","PIED","CODOMINANT WITH UTAH JUNIPER"
"733","R036XY445CO","CURRENT POTENTIAL","2.2","MATURE PJ WOODLAND","JUOS","CODOMINANT WITH PINYON"
"734","R036XY445CO","CURRENT POTENTIAL","2.2","MATURE PJ WOODLAND","PG/AG",NA
"735","R036XY445CO","CURRENT POTENTIAL","2.2","MATURE PJ WOODLAND","PF/AF",NA
"736","R036XY445CO","CURRENT POTENTIAL","2.2","MATURE PJ WOODLAND","SH",NA
"737","R036XY445CO","CURRENT POTENTIAL","2.2","MATURE PJ WOODLAND","NOXIOUS","PRESENT"
"738","R036XY445CO","CURRENT POTENTIAL","2.3","PERENNIAL SHRUBLAND WITH SCATTERED PJ","PG/AG","OTHER"
"739","R036XY445CO","CURRENT POTENTIAL","2.3","PERENNIAL SHRUBLAND WITH SCATTERED PJ","PF/AF",NA
"740","R036XY445CO","CURRENT POTENTIAL","2.3","PERENNIAL SHRUBLAND WITH SCATTERED PJ","SH",NA
"741","R036XY445CO","CURRENT POTENTIAL","2.3","PERENNIAL SHRUBLAND WITH SCATTERED PJ","JUOS","SCATTERED"
"742","R036XY445CO","CURRENT POTENTIAL","2.3","PERENNIAL SHRUBLAND WITH SCATTERED PJ","PIED","SCATTERED"
"743","R036XY445CO","CURRENT POTENTIAL","2.3","PERENNIAL SHRUBLAND WITH SCATTERED PJ","NOXIOUS","PRESENT"
"744","R036XY445CO","INVASIVE","3.1","PJ WOODLAND WITH INVASIVE SPECIES","PIED",NA
"745","R036XY445CO","INVASIVE","3.1","PJ WOODLAND WITH INVASIVE SPECIES","JUOS",NA
"746","R036XY445CO","INVASIVE","3.1","PJ WOODLAND WITH INVASIVE SPECIES","BRTE",NA
"747","R036XY445CO","INVASIVE","3.1","PJ WOODLAND WITH INVASIVE SPECIES","PG/AG","OTHER"
"748","R036XY445CO","INVASIVE","3.1","PJ WOODLAND WITH INVASIVE SPECIES","PF/AF",NA
"749","R036XY445CO","INVASIVE","3.1","PJ WOODLAND WITH INVASIVE SPECIES","SH",NA
"750","R036XY445CO","INVASIVE","3.1","PJ WOODLAND WITH INVASIVE SPECIES","M/LC/CY","DENSE"
"751","R036XY445CO","INVASIVE","3.2","INVASIVE ANNUAL","PIED",NA
"752","R036XY445CO","INVASIVE","3.2","INVASIVE ANNUAL","JUOS",NA
"753","R036XY445CO","INVASIVE","3.2","INVASIVE ANNUAL","BRTE",NA
"754","R036XY445CO","INVASIVE","3.2","INVASIVE ANNUAL","SH",NA
"755","R036XY445CO","INVASIVE","3.2","INVASIVE ANNUAL","PG/AG","SPARSE"
"756","R036XY445CO","INVASIVE","3.2","INVASIVE ANNUAL","PF/AF","SPARSE"
"757","R036XY445CO","INVASIVE","3.2","INVASIVE ANNUAL","M/LC/CY","DENSE"
"758","R036XY445CO","SEEDED","4.1","SEEDED GRASSLAND/SHRUBLAND","PG/AG","SEEDED"
"759","R036XY445CO","SEEDED","4.1","SEEDED GRASSLAND/SHRUBLAND","PG/AG","OTHER"
"760","R036XY445CO","SEEDED","4.1","SEEDED GRASSLAND/SHRUBLAND","SH",NA
"761","R036XY445CO","SEEDED","4.1","SEEDED GRASSLAND/SHRUBLAND","PF/AF",NA
"762","R036XY445CO","SEEDED","4.2","SEEDED WITH PJ","PG/AG","SEEDED"
"763","R036XY445CO","SEEDED","4.2","SEEDED WITH PJ","PIED","SCATTERED"
"764","R036XY445CO","SEEDED","4.2","SEEDED WITH PJ","JUOS","SCATTERED"
"765","R036XY445CO","SEEDED","4.2","SEEDED WITH PJ","PG/AG","OTHER"
"766","R036XY445CO","SEEDED","4.2","SEEDED WITH PJ","PF/AF",NA
"767","R036XY110CO","REFERENCE","1.1","PJ WOODLAND","JUOS",NA
"768","R036XY110CO","REFERENCE","1.1","PJ WOODLAND","PIED","SCATTERED"
"769","R036XY110CO","REFERENCE","1.1","PJ WOODLAND","PG/AG",NA
"770","R036XY110CO","REFERENCE","1.1","PJ WOODLAND","PF/AF",NA
"771","R036XY110CO","REFERENCE","1.1","PJ WOODLAND","SH",NA
"772","R036XY110CO","REFERENCE","1.2","MATURE PJ WOODLAND","PIED","CODOMINANT"
"773","R036XY110CO","REFERENCE","1.2","MATURE PJ WOODLAND","JUOS","CODOMINANT"
"774","R036XY110CO","REFERENCE","1.2","MATURE PJ WOODLAND","PG/AG",NA
"775","R036XY110CO","REFERENCE","1.2","MATURE PJ WOODLAND","PF/AF",NA
"776","R036XY110CO","REFERENCE","1.2","MATURE PJ WOODLAND","SH",NA
"777","R036XY110CO","REFERENCE","1.3","PERENNIAL SHRUBLAND WITH SCATTERED PJ","PG/AG","OTHER"
"778","R036XY110CO","REFERENCE","1.3","PERENNIAL SHRUBLAND WITH SCATTERED PJ","SH","OTHER"
"779","R036XY110CO","REFERENCE","1.3","PERENNIAL SHRUBLAND WITH SCATTERED PJ","PF/AF","OTHER"
"780","R036XY110CO","REFERENCE","1.3","PERENNIAL SHRUBLAND WITH SCATTERED PJ","JUOS","SCATTERED/STARTING TO REESTABLISH"
"781","R036XY110CO","REFERENCE","1.3","PERENNIAL SHRUBLAND WITH SCATTERED PJ","PIED","SCATTERED/STARTING TO REESTABLISH"
"782","R036XY110CO","CURRENT POTENTIAL","2.1","PJ WOODLAND","JUOS",NA
"783","R036XY110CO","CURRENT POTENTIAL","2.1","PJ WOODLAND","PIED","SCATTERED"
"784","R036XY110CO","CURRENT POTENTIAL","2.1","PJ WOODLAND","PG/AG",NA
"785","R036XY110CO","CURRENT POTENTIAL","2.1","PJ WOODLAND","PF/AF",NA
"786","R036XY110CO","CURRENT POTENTIAL","2.1","PJ WOODLAND","SH",NA
"787","R036XY110CO","CURRENT POTENTIAL","2.1","PJ WOODLAND","NOXIOUS","PRESENT"
"788","R036XY110CO","CURRENT POTENTIAL","2.2","MATURE PJ WOODLAND","PIED","CODOMINANT"
"789","R036XY110CO","CURRENT POTENTIAL","2.2","MATURE PJ WOODLAND","JUOS","CODOMINANT"
"790","R036XY110CO","CURRENT POTENTIAL","2.2","MATURE PJ WOODLAND","PG/AG",NA
"791","R036XY110CO","CURRENT POTENTIAL","2.2","MATURE PJ WOODLAND","PF/AF",NA
"792","R036XY110CO","CURRENT POTENTIAL","2.2","MATURE PJ WOODLAND","SH",NA
"793","R036XY110CO","CURRENT POTENTIAL","2.2","MATURE PJ WOODLAND","NOXIOUS","PRESENT"
"794","R036XY110CO","CURRENT POTENTIAL","2.3","PERENNIAL SHRUBLAND WITH SCATTERED PJ","PG/AG","OTHER"
"795","R036XY110CO","CURRENT POTENTIAL","2.3","PERENNIAL SHRUBLAND WITH SCATTERED PJ","PF/AF","OTHER"
"796","R036XY110CO","CURRENT POTENTIAL","2.3","PERENNIAL SHRUBLAND WITH SCATTERED PJ","SH","OTHER"
"797","R036XY110CO","CURRENT POTENTIAL","2.3","PERENNIAL SHRUBLAND WITH SCATTERED PJ","JUOS","SCATTERED/STARTING TO REESTABLISH"
"798","R036XY110CO","CURRENT POTENTIAL","2.3","PERENNIAL SHRUBLAND WITH SCATTERED PJ","PIED","SCATTERED/STARTING TO REESTABLISH"
"799","R036XY110CO","CURRENT POTENTIAL","2.3","PERENNIAL SHRUBLAND WITH SCATTERED PJ","NOXIOUS","PRESENT"
"800","R036XY110CO","PINYON-JUNIPER INVASIVE","3.1","PJ WOODLAND WITH INVASIVE SPECIES","PIED",NA
"801","R036XY110CO","PINYON-JUNIPER INVASIVE","3.1","PJ WOODLAND WITH INVASIVE SPECIES","JUOS",NA
"802","R036XY110CO","PINYON-JUNIPER INVASIVE","3.1","PJ WOODLAND WITH INVASIVE SPECIES","BRTE",NA
"803","R036XY110CO","PINYON-JUNIPER INVASIVE","3.1","PJ WOODLAND WITH INVASIVE SPECIES","PG/AG","OTHER"
"804","R036XY110CO","PINYON-JUNIPER INVASIVE","3.1","PJ WOODLAND WITH INVASIVE SPECIES","PF/AF",NA
"805","R036XY110CO","PINYON-JUNIPER INVASIVE","3.1","PJ WOODLAND WITH INVASIVE SPECIES","SH",NA
"806","R036XY110CO","PINYON-JUNIPER INVASIVE","3.1","PJ WOODLAND WITH INVASIVE SPECIES","M/LC/CY","POSSIBLE"
"807","R036XY110CO","PINYON-JUNIPER INVASIVE","3.2","INVASIVE ANNUAL","PIED",NA
"808","R036XY110CO","PINYON-JUNIPER INVASIVE","3.2","INVASIVE ANNUAL","JUOS",NA
"809","R036XY110CO","PINYON-JUNIPER INVASIVE","3.2","INVASIVE ANNUAL","BRTE",NA
"810","R036XY110CO","PINYON-JUNIPER INVASIVE","3.2","INVASIVE ANNUAL","SH",NA
"811","R036XY110CO","PINYON-JUNIPER INVASIVE","3.2","INVASIVE ANNUAL","PG","SPARSE/ABSENT"
"812","R036XY110CO","PINYON-JUNIPER INVASIVE","3.2","INVASIVE ANNUAL","PF","SPARSE/ABSENT"
"813","R036XY110CO","PINYON-JUNIPER INVASIVE","3.2","INVASIVE ANNUAL","M/LC/CY",NA
"814","R036XY110CO","SEEDED","4.1","SEEDED GRASSLAND/SCRUBLAND","PG/AG","SEEDED"
"815","R036XY110CO","SEEDED","4.1","SEEDED GRASSLAND/SCRUBLAND","PG/AG","OTHER"
"816","R036XY110CO","SEEDED","4.1","SEEDED GRASSLAND/SCRUBLAND","SH",NA
"817","R036XY110CO","SEEDED","4.1","SEEDED GRASSLAND/SCRUBLAND","PF/AF",NA
"818","R036XY325CO","REFERENCE","1.1","PERENNIAL SHRUBLAND/GRASSLAND",NA,NA
"819","R036XY325CO","REFERENCE","1.1","PERENNIAL SHRUBLAND/GRASSLAND","ARTRW8",NA
"820","R036XY325CO","REFERENCE","1.1","PERENNIAL SHRUBLAND/GRASSLAND","PG/AG",NA
"821","R036XY325CO","REFERENCE","1.1","PERENNIAL SHRUBLAND/GRASSLAND","SH",NA
"822","R036XY325CO","REFERENCE","1.1","PERENNIAL SHRUBLAND/GRASSLAND","PF/AF",NA
"823","R036XY325CO","DEPAUPERATE","3.1","DEPAUPERATE SHRUBLAND","ARTRW8","DOMINANT"
"824","R036XY325CO","DEPAUPERATE","3.1","DEPAUPERATE SHRUBLAND","GUSA",NA
"825","R036XY325CO","DEPAUPERATE","3.1","DEPAUPERATE SHRUBLAND","PG","SPARSE/ABSENT"
"826","R036XY325CO","DEPAUPERATE","3.1","DEPAUPERATE SHRUBLAND","PF/AF","SPARSE/ABSENT"
"827","R036XY325CO","REFERENCE","1.1","PJ WOODLAND","JUOS",NA
"828","R036XY325CO","REFERENCE","1.1","PJ WOODLAND","PJ","SCATTERED"
"829","R036XY325CO","REFERENCE","1.1","PJ WOODLAND","PG/AG",NA
"830","R036XY325CO","REFERENCE","1.1","PJ WOODLAND","PF/AF",NA
"831","R036XY325CO","REFERENCE","1.1","PJ WOODLAND","SH",NA
"832","R036XY325CO","REFERENCE","1.2","MATURE PJ WOODLAND","PJ",NA
"833","R036XY325CO","REFERENCE","1.2","MATURE PJ WOODLAND","JUOS",NA
"834","R036XY325CO","REFERENCE","1.2","MATURE PJ WOODLAND","PG/AG",NA
"835","R036XY325CO","REFERENCE","1.2","MATURE PJ WOODLAND","PF/AF",NA
"836","R036XY325CO","REFERENCE","1.2","MATURE PJ WOODLAND","SH",NA
"837","R036XY325CO","REFERENCE","1.3","PERENNIAL SHRUBLAND WITH SCATTERED PJ","PG/AG",NA
"838","R036XY325CO","REFERENCE","1.3","PERENNIAL SHRUBLAND WITH SCATTERED PJ","SH",NA
"839","R036XY325CO","REFERENCE","1.3","PERENNIAL SHRUBLAND WITH SCATTERED PJ","FORB",NA
"840","R036XY325CO","REFERENCE","1.3","PERENNIAL SHRUBLAND WITH SCATTERED PJ","JUOS","SCATTERED"
"841","R036XY325CO","REFERENCE","1.3","PERENNIAL SHRUBLAND WITH SCATTERED PJ","PJ","SCATTERED"
"842","R036XY284CO","REFERENCE","1.1","PERENNIAL SHRUBLAND/GRASSLAND","ARTRW8",NA
"843","R036XY284CO","REFERENCE","1.1","PERENNIAL SHRUBLAND/GRASSLAND","POFE",NA
"844","R036XY284CO","REFERENCE","1.1","PERENNIAL SHRUBLAND/GRASSLAND","PASM",NA
"845","R036XY284CO","REFERENCE","1.1","PERENNIAL SHRUBLAND/GRASSLAND","PF/AF",NA
"846","R036XY284CO","REFERENCE","1.1","PERENNIAL SHRUBLAND/GRASSLAND","SH",NA
"847",NA,NA,NA,NA,NA,NA
"848","R036XY287CO","REFERENCE","1.3","PERENNIAL SHRUBLAND WITH SCATTERED PJ","GRASS",NA
"849","R036XY287CO","REFERENCE","1.3","PERENNIAL SHRUBLAND WITH SCATTERED PJ","SH",NA
"850","R036XY287CO","REFERENCE","1.3","PERENNIAL SHRUBLAND WITH SCATTERED PJ","PF/AF",NA
"851","R036XY287CO","REFERENCE","1.3","PERENNIAL SHRUBLAND WITH SCATTERED PJ","JUOS","SCATTERED AND REESTABLISHING"
"852","R036XY287CO","REFERENCE","1.3","PERENNIAL SHRUBLAND WITH SCATTERED PJ","PJ","SCATTERED AND REESTABLISHING"
"853",NA,NA,NA,NA,NA,NA
"854","R036XY326CO","REFERENCE","1.1","PERENNIAL SHRUBLAND/GRASSLAND","ARTRW8",NA
"855","R036XY326CO","REFERENCE","1.1","PERENNIAL SHRUBLAND/GRASSLAND","HECO26",NA
"856","R036XY326CO","REFERENCE","1.1","PERENNIAL SHRUBLAND/GRASSLAND","PG/AG",NA
"857","R036XY326CO","REFERENCE","1.1","PERENNIAL SHRUBLAND/GRASSLAND","SH",NA
"858","R036XY326CO","REFERENCE","1.1","PERENNIAL SHRUBLAND/GRASSLAND","PF/AF",NA
"859",NA,NA,NA,NA,NA,NA
"860","R035XY413CO","REFERENCE","1.1","BASIN BIG SAGEBRUSH","PASM",NA
"861","R035XY413CO","REFERENCE","1.1","BASIN BIG SAGEBRUSH","POFE",NA
"862","R035XY413CO","REFERENCE","1.1","BASIN BIG SAGEBRUSH","ARTRT",NA
"863",NA,NA,NA,NA,NA,NA
"864","R036XY110CO","REFERENCE","1.1","PINYON JUNIPER WOODLAND","JUOS",NA
"865","R036XY110CO","REFERENCE","1.1","PINYON JUNIPER WOODLAND","PJ","SCATTERED"
"866","R036XY110CO","REFERENCE","1.1","PINYON JUNIPER WOODLAND","PG/AG",NA
"867","R036XY110CO","REFERENCE","1.1","PINYON JUNIPER WOODLAND","PF/AF",NA
"868","R036XY110CO","REFERENCE","1.1","PINYON JUNIPER WOODLAND","SH",NA
"869","R036XY110CO","REFERENCE","1.3","PERENNIAL SHRUBLAND WITH SCATTERED PJ","GRASS",NA
"870","R036XY110CO","REFERENCE","1.3","PERENNIAL SHRUBLAND WITH SCATTERED PJ","SH",NA
"871","R036XY110CO","REFERENCE","1.3","PERENNIAL SHRUBLAND WITH SCATTERED PJ","PF/AF",NA
"872","R036XY110CO","REFERENCE","1.3","PERENNIAL SHRUBLAND WITH SCATTERED PJ","JUOS",NA
"873","R036XY110CO","REFERENCE","1.3","PERENNIAL SHRUBLAND WITH SCATTERED PJ","PJ","SCATTERED AND REESTABLISHING"
"874",NA,NA,NA,NA,NA,NA
"875","R036XY111CO","REFERENCE","1.1","PJ WOODLAND","JUOS",NA
"876","R036XY111CO","REFERENCE","1.1","PJ WOODLAND","PJ","SCATTERED"
"877","R036XY111CO","REFERENCE","1.1","PJ WOODLAND","PG/AG",NA
"878","R036XY111CO","REFERENCE","1.1","PJ WOODLAND","PF/AF",NA
"879","R036XY111CO","REFERENCE","1.1","PJ WOODLAND","SH",NA
"880","R036XY111CO","REFERENCE","1.3","PERENNIAL SHRUBLAND WITH SCATTERED PJ","PG/AG",NA
"881","R036XY111CO","REFERENCE","1.3","PERENNIAL SHRUBLAND WITH SCATTERED PJ","SH",NA
"882","R036XY111CO","REFERENCE","1.3","PERENNIAL SHRUBLAND WITH SCATTERED PJ","PF/AF",NA
"883","R036XY111CO","REFERENCE","1.3","PERENNIAL SHRUBLAND WITH SCATTERED PJ","JUOS","SCATTERED AND REESTABLISHING"
"884","R036XY111CO","REFERENCE","1.3","PERENNIAL SHRUBLAND WITH SCATTERED PJ","PJ",NA
"885",NA,NA,NA,NA,NA,NA
"886","R036XY289CO","REFERENCE","1.1","PERENNIAL SHRUBLAND/GRASSLAND","ARTRW8",NA
"887","R036XY289CO","REFERENCE","1.1","PERENNIAL SHRUBLAND/GRASSLAND","PASM",NA
"888","R036XY289CO","REFERENCE","1.1","PERENNIAL SHRUBLAND/GRASSLAND","ACHY",NA
"889","R036XY289CO","REFERENCE","1.1","PERENNIAL SHRUBLAND/GRASSLAND","PF/AF",NA
"890","R036XY289CO","REFERENCE","1.1","PERENNIAL SHRUBLAND/GRASSLAND","SH",NA
"891",NA,NA,NA,NA,NA,NA
"892","R036XY328CO","REFERENCE","1.1","PERENNIAL SHRUBLAND/GRASSLAND","ARTRW8",NA
"893","R036XY328CO","REFERENCE","1.1","PERENNIAL SHRUBLAND/GRASSLAND","PG/AG",NA
"894","R036XY328CO","REFERENCE","1.1","PERENNIAL SHRUBLAND/GRASSLAND","SH",NA
"895","R036XY328CO","REFERENCE","1.1","PERENNIAL SHRUBLAND/GRASSLAND","PF/AF",NA
"896",NA,NA,NA,NA,NA,NA
"897","R036XY346CO","REFERENCE","1.3","PERENNIAL SHRUBLAND","PASM",NA
"898","R036XY346CO","REFERENCE","1.3","PERENNIAL SHRUBLAND","ACHY",NA
"899","R036XY346CO","REFERENCE","1.3","PERENNIAL SHRUBLAND","POFE",NA
"900","R036XY346CO","REFERENCE","1.3","PERENNIAL SHRUBLAND","ELE5",NA
"901","R036XY346CO","REFERENCE","1.3","PERENNIAL SHRUBLAND","PF/AF",NA
"902","R036XY346CO","REFERENCE","1.3","PERENNIAL SHRUBLAND","SH",NA
"903","R036XY346CO","REFERENCE","1.3","PERENNIAL SHRUBLAND","PJ","SCATTERED"
"904",NA,NA,NA,NA,NA,NA
"905","R036XY347CO","REFERENCE","1.1","PERENNIAL SHRUBLAND/GRASSLAND","ARTRT",NA
"906","R036XY347CO","REFERENCE","1.1","PERENNIAL SHRUBLAND/GRASSLAND","PASM",NA
"907","R036XY347CO","REFERENCE","1.1","PERENNIAL SHRUBLAND/GRASSLAND","ACHY",NA
"908","R036XY347CO","REFERENCE","1.1","PERENNIAL SHRUBLAND/GRASSLAND","BOGR2",NA
"909","R036XY347CO","REFERENCE","1.1","PERENNIAL SHRUBLAND/GRASSLAND","PF/AF",NA
"910","R036XY347CO","REFERENCE","1.1","PERENNIAL SHRUBLAND/GRASSLAND","SH",NA
"911",NA,NA,NA,NA,NA,NA
"912","R036XY405CO","REFERENCE","1.1","BASIN BIG SAGEBRUSH","PASM",NA
"913","R036XY405CO","REFERENCE","1.1","BASIN BIG SAGEBRUSH","POFE",NA
"914","R036XY405CO","REFERENCE","1.1","BASIN BIG SAGEBRUSH","ARTRT",NA
"915",NA,NA,NA,NA,NA,NA
"916","R036XY445CO","REFERENCE","1.1","PJ WOODLAND","JUOS",NA
"917","R036XY445CO","REFERENCE","1.1","PJ WOODLAND","PJ","SCATTERED"
"918","R036XY445CO","REFERENCE","1.1","PJ WOODLAND","PG/AG",NA
"919","R036XY445CO","REFERENCE","1.1","PJ WOODLAND","PF/AF",NA
"920","R036XY445CO","REFERENCE","1.1","PJ WOODLAND","SH",NA
"921",NA,NA,NA,NA,NA,NA
"922","R036XY038CO","REFERENCE","1.1","GRASS MEADOW","PASM",NA
"923","R036XY038CO","REFERENCE","1.1","GRASS MEADOW","LECI4",NA
"924","R036XY038CO","REFERENCE","1.1","GRASS MEADOW","CANE2",NA
"925","R036XY038CO","REFERENCE","1.1","GRASS MEADOW","JUNCUS",NA
"926",NA,NA,NA,NA,NA,NA
"927","R036XY266CO","REFERENCE","1.1","GRASS MEADOW","SPAI",NA
"928","R036XY266CO","REFERENCE","1.1","GRASS MEADOW","PASM",NA
"929","R036XY266CO","REFERENCE","1.1","GRASS MEADOW","DISP",NA
"930","R036XY266CO","REFERENCE","1.1","GRASS MEADOW","CAREX",NA
"931","R036XY266CO","REFERENCE","1.1","GRASS MEADOW","JUNCUS",NA
"932",NA,NA,NA,NA,NA,NA
"933","R036XY325CO","REFERENCE","1.1","PERENNIAL SHRUBLAND/GRASSLAND","ARTRW8",NA
"934","R036XY325CO","REFERENCE","1.1","PERENNIAL SHRUBLAND/GRASSLAND","PG/AG",NA
"935","R036XY325CO","REFERENCE","1.1","PERENNIAL SHRUBLAND/GRASSLAND","SH",NA
"936","R036XY325CO","REFERENCE","1.1","PERENNIAL SHRUBLAND/GRASSLAND","PF/AF",NA
"937",NA,NA,NA,NA,NA,NA
"938","R036XY325CO","DEPAUPERATE","3.1","DEPAUPERATE SHRUBLAND","ARTRW8","DOMINANT"
"939","R036XY325CO","DEPAUPERATE","3.1","DEPAUPERATE SHRUBLAND","GUSA","OCCASIONALLY ABUNDANT"
"940","R036XY325CO","DEPAUPERATE","3.1","DEPAUPERATE SHRUBLAND","PG","SPARSE/ABSENT"
"941","R036XY325CO","DEPAUPERATE","3.1","DEPAUPERATE SHRUBLAND","PF","SPARSE/ABSENT"
"942",NA,NA,NA,NA,NA,NA
"943","R034BY104UT","REFERENCE","1.1","1.1","ATCO",NA
"944","R034BY104UT","REFERENCE","1.1","1.1","PIDE4",NA
"945","R034BY104UT","REFERENCE","1.1","1.1","ACHY","DOMINANT"
"946",NA,NA,NA,NA,NA,NA
"947","R034BY212UT","REFERENCE","1.1","1.1","ARTRW8",NA
"948","R034BY212UT","REFERENCE","1.1","1.1","PF",NA
"949",NA,NA,NA,NA,NA,NA
"950","R034BY202UT","REFERENCE","1.1","SHRUBLAND AND GRASSES","PLJA",NA
"951","R034BY202UT","REFERENCE","1.1","SHRUBLAND AND GRASSES","EPTO",NA
"952",NA,NA,NA,NA,NA,NA
"953","R034BY227UT","REFERENCE","1.1","1.1","ARNO4",NA
"954","R034BY227UT","REFERENCE","1.1","1.1","BUNCH GRASS","SPARSE"
"955","R034BY227UT","REFERENCE","1.1","1.1","PF","SPARSE"
"956",NA,NA,NA,NA,NA,NA
"957","R034BY240UT","REFERENCE","1.1","1.1","ACHY","DOMINANT"
"958","R034BY240UT","REFERENCE","1.1","1.1","KRLA",NA
"959","R034BY240UT","REFERENCE","1.1","1.1","ELE5",NA
"960","R034BY240UT","REFERENCE","1.1","1.1","SH","SUB-DOMINANT"
"961",NA,NA,NA,NA,NA,NA
"962","R034BY247UT","REFERENCE","1.1","PJ WOODLAND","JUOS",NA
"963","R034BY247UT","REFERENCE","1.1","PJ WOODLAND","PJ","SCATTERED"
"964","R034BY247UT","REFERENCE","1.1","PJ WOODLAND","PG/AG",NA
"965","R034BY247UT","REFERENCE","1.1","PJ WOODLAND","PF/AF",NA
"966","R034BY247UT","REFERENCE","1.1","PJ WOODLAND","SH",NA
"967",NA,NA,NA,NA,NA,NA
"968","R034BY205UT","REFERENCE","1.1","1.1","ARTRW8",NA
"969","R034BY205UT","REFERENCE","1.1","1.1","PG","NATIVE"
"970","R034BY205UT","REFERENCE","1.1","1.1","PF","NATIVE"
"971",NA,NA,NA,NA,NA,NA
"972","R034BY248UT","REFERENCE","1.1","1.1","LESAS",NA
"973",NA,NA,NA,NA,NA,NA
"974","R034BY233UT","REFERENCE","1.1","PJ WOODLAND","JUOS",NA
"975","R034BY233UT","REFERENCE","1.1","PJ WOODLAND","PJ","SCATTERED"
"976","R034BY233UT","REFERENCE","1.1","PJ WOODLAND","PG/AG",NA
"977","R034BY233UT","REFERENCE","1.1","PJ WOODLAND","PF/AF",NA
"978","R034BY233UT","REFERENCE","1.1","PJ WOODLAND","SH",NA
"979",NA,NA,NA,NA,NA,NA
"980","R034BY206UT","REFERENCE","1.1","1.1","ARTRW8",NA
"981","R034BY206UT","REFERENCE","1.1","1.1","PG","NATIVE"
"982","R034BY206UT","REFERENCE","1.1","1.1","PF","NATIVE"
"983",NA,NA,NA,NA,NA,NA
"984","R034BY251UT","REFERENCE","1.1","1.1","LESAS",NA
"985",NA,NA,NA,NA,NA,NA
"986","R036XY325CO","REFERENCE","1.1","PERENNIAL SHRUBLAND/GRASSLAND","ARTRW8",NA
"987","R036XY325CO","REFERENCE","1.1","PERENNIAL SHRUBLAND/GRASSLAND","PG/AG",NA
"988","R036XY325CO","REFERENCE","1.1","PERENNIAL SHRUBLAND/GRASSLAND","SH",NA
"989","R036XY325CO","REFERENCE","1.1","PERENNIAL SHRUBLAND/GRASSLAND","PF/AF",NA
"990","R036XY325CO","DEPAUPERATE","3.1","DEPAUPERATE SHRUBLAND","ARTRW8","DOMINANT"
"991","R036XY325CO","DEPAUPERATE","3.1","DEPAUPERATE SHRUBLAND","GUSA","ABUNDANT"
"992","R036XY325CO","DEPAUPERATE","3.1","DEPAUPERATE SHRUBLAND","PG","SPARSE/ABSENT"
"993","R036XY325CO","DEPAUPERATE","3.1","DEPAUPERATE SHRUBLAND","PF","SPARSE/ABSENT"
"994",NA,NA,NA,NA,NA,NA
"995","R036XY114CO","REFERENCE","1.1","PJ WOODLAND","JUOS",NA
"996","R036XY114CO","REFERENCE","1.1","PJ WOODLAND","PJ","SCATTERED"
"997","R036XY114CO","REFERENCE","1.1","PJ WOODLAND","PG/AG",NA
"998","R036XY114CO","REFERENCE","1.1","PJ WOODLAND","PF/AF",NA
"999","R036XY114CO","REFERENCE","1.1","PJ WOODLAND","SH",NA
"1000","R036XY114CO","REFERENCE","1.2","MATURE PJ WOODLAND","PJ","CO-DOMINANT"
"1001","R036XY114CO","REFERENCE","1.2","MATURE PJ WOODLAND","JUOS","CO-DOMINANT"
"1002","R036XY114CO","REFERENCE","1.2","MATURE PJ WOODLAND","PG/AG",NA
"1003","R036XY114CO","REFERENCE","1.2","MATURE PJ WOODLAND","PF/AF",NA
"1004","R036XY114CO","REFERENCE","1.2","MATURE PJ WOODLAND","SH",NA
"1005","R036XY114CO","REFERENCE","1.3","PERENNIAL SHRUBLAND WITH SCATTERED PJ","OTHER GRASS",NA
"1006","R036XY114CO","REFERENCE","1.3","PERENNIAL SHRUBLAND WITH SCATTERED PJ","SH",NA
"1007","R036XY114CO","REFERENCE","1.3","PERENNIAL SHRUBLAND WITH SCATTERED PJ","PF/AF",NA
"1008","R036XY114CO","REFERENCE","1.3","PERENNIAL SHRUBLAND WITH SCATTERED PJ","JUOS","SCATTERED/REESTABLISHING"
"1009","R036XY114CO","REFERENCE","1.3","PERENNIAL SHRUBLAND WITH SCATTERED PJ","PJ","SCATTERED/REESTABLISHING"
"1010",NA,NA,NA,NA,NA,NA
"1011","R036XY113CO","REFERENCE","1.3","PERENNIAL SHRUBLAND WITH SCATTERED PJ","OTHER GRASS",NA
"1012","R036XY113CO","REFERENCE","1.3","PERENNIAL SHRUBLAND WITH SCATTERED PJ","SH",NA
"1013","R036XY113CO","REFERENCE","1.3","PERENNIAL SHRUBLAND WITH SCATTERED PJ","FORB",NA
"1014","R036XY113CO","REFERENCE","1.3","PERENNIAL SHRUBLAND WITH SCATTERED PJ","JUOS",NA
"1015","R036XY113CO","REFERENCE","1.3","PERENNIAL SHRUBLAND WITH SCATTERED PJ","PJ","SCATTERED/REESTABLISHING"
"1016",NA,NA,NA,NA,NA,NA
"1017","R036XY284CO","REFERENCE","1.1","PERENNIAL SHRUBLAND/GRASSLAND","ARTRW8",NA
"1018","R036XY284CO","REFERENCE","1.1","PERENNIAL SHRUBLAND/GRASSLAND","POFE",NA
"1019","R036XY284CO","REFERENCE","1.1","PERENNIAL SHRUBLAND/GRASSLAND","PASM",NA
"1020","R036XY284CO","REFERENCE","1.1","PERENNIAL SHRUBLAND/GRASSLAND","PF/AF",NA
"1021","R036XY284CO","REFERENCE","1.1","PERENNIAL SHRUBLAND/GRASSLAND","SH",NA
"1022",NA,NA,NA,NA,NA,NA
"1023","R036XY287CO","REFERENCE","1.3","PERENNIAL SHRUBLAND WITH SCATTERED PJ","OTHER GRASS",NA
"1024","R036XY287CO","REFERENCE","1.3","PERENNIAL SHRUBLAND WITH SCATTERED PJ","SH",NA
"1025","R036XY287CO","REFERENCE","1.3","PERENNIAL SHRUBLAND WITH SCATTERED PJ","PF/AF",NA
"1026","R036XY287CO","REFERENCE","1.3","PERENNIAL SHRUBLAND WITH SCATTERED PJ","JUOS","REESTABLISHING"
"1027","R036XY287CO","REFERENCE","1.3","PERENNIAL SHRUBLAND WITH SCATTERED PJ","PJ","REESTABLISHING"
"1028",NA,NA,NA,NA,NA,NA
"1029","R036XY111CO","REFERENCE","1.1","PJ WOODLAND","JUOS",NA
"1030","R036XY111CO","REFERENCE","1.1","PJ WOODLAND","PJ","SCATTERED"
"1031","R036XY111CO","REFERENCE","1.1","PJ WOODLAND","PG/AG",NA
"1032","R036XY111CO","REFERENCE","1.1","PJ WOODLAND","PF/AF",NA
"1033","R036XY111CO","REFERENCE","1.3","PERENNIAL SHRUBLAND WITH SCATTERED PJ","OTHER GRASS",NA
"1034","R036XY111CO","REFERENCE","1.3","PERENNIAL SHRUBLAND WITH SCATTERED PJ","SH",NA
"1035","R036XY111CO","REFERENCE","1.3","PERENNIAL SHRUBLAND WITH SCATTERED PJ","PF/AF",NA
"1036","R036XY111CO","REFERENCE","1.3","PERENNIAL SHRUBLAND WITH SCATTERED PJ","JUOS","SCATTERED/REESTABLISHING"
"1037","R036XY111CO","REFERENCE","1.3","PERENNIAL SHRUBLAND WITH SCATTERED PJ","PJ","SCATTERED/REESTABLISHING"
"1038",NA,NA,NA,NA,NA,NA
"1039","R036XY289CO","REFERENCE","1.1","PERENNIAL SHRUBLAND/GRASSLAND","ARTRW8",NA
"1040","R036XY289CO","REFERENCE","1.1","PERENNIAL SHRUBLAND/GRASSLAND","PASM",NA
"1041","R036XY289CO","REFERENCE","1.1","PERENNIAL SHRUBLAND/GRASSLAND","ACHY",NA
"1042","R036XY289CO","REFERENCE","1.1","PERENNIAL SHRUBLAND/GRASSLAND","PF/AF",NA
"1043","R036XY289CO","REFERENCE","1.1","PERENNIAL SHRUBLAND/GRASSLAND","SH",NA
"1044",NA,NA,NA,NA,NA,NA
"1045","R036XY110CO","REFERENCE","1.1","PJ WOODLAND","JUOS",NA
"1046","R036XY110CO","REFERENCE","1.1","PJ WOODLAND","PJ","SCATTERED"
"1047","R036XY110CO","REFERENCE","1.1","PJ WOODLAND","GRASS",NA
"1048","R036XY110CO","REFERENCE","1.1","PJ WOODLAND","FORB",NA
"1049","R036XY110CO","REFERENCE","1.1","PJ WOODLAND","SH",NA
"1050","R036XY110CO","REFERENCE","1.2","MATURE PJ WOODLAND","PJ","CODOMINANT"
"1051","R036XY110CO","REFERENCE","1.2","MATURE PJ WOODLAND","JUOS","CODOMINANT"
"1052","R036XY110CO","REFERENCE","1.2","MATURE PJ WOODLAND","PG/AG",NA
"1053","R036XY110CO","REFERENCE","1.2","MATURE PJ WOODLAND","PF/AF",NA
"1054","R036XY110CO","REFERENCE","1.2","MATURE PJ WOODLAND","SH",NA
"1055","R036XY110CO","REFERENCE","1.3","PERENNIAL SHRUBLAND WITH SCATTERED PJ","OTHER GRASS",NA
"1056","R036XY110CO","REFERENCE","1.3","PERENNIAL SHRUBLAND WITH SCATTERED PJ","SH",NA
"1057","R036XY110CO","REFERENCE","1.3","PERENNIAL SHRUBLAND WITH SCATTERED PJ","PF/AF",NA
"1058","R036XY110CO","REFERENCE","1.3","PERENNIAL SHRUBLAND WITH SCATTERED PJ","JUOS","SCATTERED/REESTABLISHING"
"1059","R036XY110CO","REFERENCE","1.3","PERENNIAL SHRUBLAND WITH SCATTERED PJ","PJ","SCATTERED/REESTABLISHING"
"1060",NA,NA,NA,NA,NA,NA
"1061","R036XY405CO","REFERENCE","1.1","BASIN BIG SAGEBRUSH-GRASS","PASM",NA
"1062","R036XY405CO","REFERENCE","1.1","BASIN BIG SAGEBRUSH-GRASS","POFE",NA
"1063","R036XY405CO","REFERENCE","1.1","BASIN BIG SAGEBRUSH-GRASS","ARTRT",NA
"1064",NA,NA,NA,NA,NA,NA
"1065","R036XY326CO","REFERENCE","1.1","PERENNIAL SHRUBLAND/GRASSLAND","ARTRW8",NA
"1066","R036XY326CO","REFERENCE","1.1","PERENNIAL SHRUBLAND/GRASSLAND","HECO26",NA
"1067","R036XY326CO","REFERENCE","1.1","PERENNIAL SHRUBLAND/GRASSLAND","OTHER GRASS",NA
"1068","R036XY326CO","REFERENCE","1.1","PERENNIAL SHRUBLAND/GRASSLAND","SH",NA
"1069","R036XY326CO","REFERENCE","1.1","PERENNIAL SHRUBLAND/GRASSLAND","PF/AF",NA
"1070",NA,NA,NA,NA,NA,NA
"1071","R036XY446CO","REFERENCE","1.1","PJ WOODLAND","JUOS",NA
"1072","R036XY446CO","REFERENCE","1.1","PJ WOODLAND","PJ","SCATTERED"
"1073","R036XY446CO","REFERENCE","1.1","PJ WOODLAND","PG/AG",NA
"1074","R036XY446CO","REFERENCE","1.1","PJ WOODLAND","PF/AF",NA
"1075","R036XY446CO","REFERENCE","1.1","PJ WOODLAND","SH",NA
"1076","R036XY446CO","REFERENCE","1.2","MATURE PJ WOODLAND","PJ","CODOMINANT"
"1077","R036XY446CO","REFERENCE","1.2","MATURE PJ WOODLAND","JUOS","CODOMINANT"
"1078","R036XY446CO","REFERENCE","1.2","MATURE PJ WOODLAND","PG/AG",NA
"1079","R036XY446CO","REFERENCE","1.2","MATURE PJ WOODLAND","PF/AF",NA
"1080","R036XY446CO","REFERENCE","1.2","MATURE PJ WOODLAND","SH",NA
"1081","R036XY446CO","REFERENCE","1.3","PERENNIAL GRASSLAND/SHRUBLAND WITH SCATTERED PJ","OTHER GRASS",NA
"1082","R036XY446CO","REFERENCE","1.3","PERENNIAL GRASSLAND/SHRUBLAND WITH SCATTERED PJ","SH",NA
"1083","R036XY446CO","REFERENCE","1.3","PERENNIAL GRASSLAND/SHRUBLAND WITH SCATTERED PJ","PF/AF",NA
"1084","R036XY446CO","REFERENCE","1.3","PERENNIAL GRASSLAND/SHRUBLAND WITH SCATTERED PJ","JUOS","SCATTERED/REESTABNLISHING"
"1085","R036XY446CO","REFERENCE","1.3","PERENNIAL GRASSLAND/SHRUBLAND WITH SCATTERED PJ","PJ","SCATTERED/REESTABNLISHING"
"1086",NA,NA,NA,NA,NA,NA
"1087","R036XY142CO","REFERENCE","1.1","PJ WOODLAND","JUOS",NA
"1088","R036XY142CO","REFERENCE","1.1","PJ WOODLAND","PJ","SCATTERED"
"1089","R036XY142CO","REFERENCE","1.1","PJ WOODLAND","PG/AG",NA
"1090","R036XY142CO","REFERENCE","1.1","PJ WOODLAND","PF/AF",NA
"1091","R036XY142CO","REFERENCE","1.1","PJ WOODLAND","SH",NA
"1092","R036XY142CO","REFERENCE","1.2","MATURE PJ WOODLAND","PJ","CODOMINANT"
"1093","R036XY142CO","REFERENCE","1.2","MATURE PJ WOODLAND","JUOS","CODOMINANT"
"1094","R036XY142CO","REFERENCE","1.2","MATURE PJ WOODLAND","PG/AG",NA
"1095","R036XY142CO","REFERENCE","1.2","MATURE PJ WOODLAND","PF/AF",NA
"1096","R036XY142CO","REFERENCE","1.2","MATURE PJ WOODLAND","SH",NA
"1097","R036XY142CO","REFERENCE","1.3","PERENNIAL GRASSLAND/SHRUBLAND WITH SCATTERED PJ","OTHER GRASS",NA
"1098","R036XY142CO","REFERENCE","1.3","PERENNIAL GRASSLAND/SHRUBLAND WITH SCATTERED PJ","SH",NA
"1099","R036XY142CO","REFERENCE","1.3","PERENNIAL GRASSLAND/SHRUBLAND WITH SCATTERED PJ","PF/AF",NA
"1100","R036XY142CO","REFERENCE","1.3","PERENNIAL GRASSLAND/SHRUBLAND WITH SCATTERED PJ","JUOS","SCATTERED/REESTABLISHING"
"1101","R036XY142CO","REFERENCE","1.3","PERENNIAL GRASSLAND/SHRUBLAND WITH SCATTERED PJ","PJ","SCATTERED/REESTABLISHING"
"1102",NA,NA,NA,NA,NA,NA
"1103","R036XY141CO","REFERENCE","1.1","PJ WOODLAND","JUOS",NA
"1104","R036XY141CO","REFERENCE","1.1","PJ WOODLAND","PJ",NA
"1105","R036XY141CO","REFERENCE","1.1","PJ WOODLAND","PG/AG",NA
"1106","R036XY141CO","REFERENCE","1.1","PJ WOODLAND","PF/AF",NA
"1107","R036XY141CO","REFERENCE","1.1","PJ WOODLAND","SH",NA
"1108","R036XY141CO","REFERENCE","1.2","MATURE PJ WOODLAND","PJ",NA
"1109","R036XY141CO","REFERENCE","1.2","MATURE PJ WOODLAND","JUOS",NA
"1110","R036XY141CO","REFERENCE","1.2","MATURE PJ WOODLAND","PG/AG",NA
"1111","R036XY141CO","REFERENCE","1.2","MATURE PJ WOODLAND","PF/AF",NA
"1112","R036XY141CO","REFERENCE","1.2","MATURE PJ WOODLAND","SH",NA
"1113","R036XY141CO","REFERENCE","1.3","PERENNIAL GRASSLAND/SHRUBLAND WITH SCATTERED PJ","OTHER GRASS",NA
"1114","R036XY141CO","REFERENCE","1.3","PERENNIAL GRASSLAND/SHRUBLAND WITH SCATTERED PJ","SH",NA
"1115","R036XY141CO","REFERENCE","1.3","PERENNIAL GRASSLAND/SHRUBLAND WITH SCATTERED PJ","PF/AF",NA
"1116","R036XY141CO","REFERENCE","1.3","PERENNIAL GRASSLAND/SHRUBLAND WITH SCATTERED PJ","JUOS",NA
"1117","R036XY141CO","REFERENCE","1.3","PERENNIAL GRASSLAND/SHRUBLAND WITH SCATTERED PJ","PJ",NA
"1118",NA,NA,NA,NA,NA,NA
"1119","R034BY404CO","REFERENCE","1.1","PERENNIAL GRASS-SHRUBS","PLJA",NA
"1120","R034BY404CO","REFERENCE","1.1","PERENNIAL GRASS-SHRUBS","ACHY",NA
"1121","R034BY404CO","REFERENCE","1.1","PERENNIAL GRASS-SHRUBS","ATCO",NA
"1122","R034BY404CO","REFERENCE","1.1","PERENNIAL GRASS-SHRUBS","KRLA",NA
"1123",NA,NA,NA,NA,NA,NA
"1124","R034BY109UT","REFERENCE","1.1","1.1","ATCO",NA
"1125","R034BY109UT","REFERENCE","1.1","1.1","PIDE4","DOMINANT"
"1126","R034BY109UT","REFERENCE","1.1","1.1","ACHY","DOMINANT"
"1127",NA,NA,NA,NA,NA,NA
"1128","R034BY117UT","REFERENCE","1.1","PERENNIAL GRASS","ATCO4","DOMINANT"
"1129","R034BY117UT","REFERENCE","1.1","PERENNIAL GRASS","PLJA","DOMINANT"
"1130","R034BY117UT","REFERENCE","1.1","PERENNIAL GRASS","ACHY","DOMINANT"
"1131","R034BY117UT","CURRENT POTENTIAL","2.1","MAT SALTBUSH/INVASIVE WEED","ATCO4","DOMINANT"
"1132","R034BY117UT","CURRENT POTENTIAL","2.1","MAT SALTBUSH/INVASIVE WEED","PLJA","DOMINANT"
"1133","R034BY117UT","CURRENT POTENTIAL","2.1","MAT SALTBUSH/INVASIVE WEED","ACHY","DOMINANT"
"1134","R034BY117UT","CURRENT POTENTIAL","2.1","MAT SALTBUSH/INVASIVE WEED","NOXIOUS SPECIES","PRESENT"
"1135","R034BY117UT","ANNUAL WEED","3.1","ANNUAL WEEDY HERBACEOUS","ATCO4","MOSTLY ABSENT/ABSENT"
"1136","R034BY117UT","ANNUAL WEED","3.1","ANNUAL WEEDY HERBACEOUS","PG/AG/PF/AF","MOSTLY ABSENT/ABSENT"
"1137","R034BY117UT","ANNUAL WEED","3.1","ANNUAL WEEDY HERBACEOUS","NOXIOUS","DOMINANT UNDERSTORY"
"1138",NA,NA,NA,NA,NA,NA
"1139","R034BY121UT","REFERENCE","1.1","1.1","ATCO",NA
"1140","R034BY121UT","REFERENCE","1.1","1.1","PIDE4","DOMINANT"
"1141","R034BY121UT","REFERENCE","1.1","1.1","ACHY","DOMINANT"
"1142",NA,NA,NA,NA,NA,NA
"1143","R034BY322UT","REFERENCE","1.1","1.1","PIED","OPEN CANOPY"
"1144","R034BY322UT","REFERENCE","1.1","1.1","CEMO2",NA
"1145","R034BY322UT","REFERENCE","1.2","1.2","PIED","CLOSED CANOPY"
"1146","R034BY322UT","REFERENCE","1.2","1.2","CEMO2",NA
"1147","R034BY322UT","CURRENT POTENTIAL","2.1","2.1","PIED","OPEN CANOPY"
"1148","R034BY322UT","CURRENT POTENTIAL","2.1","2.1","CEMO2",NA
"1149","R034BY322UT","CURRENT POTENTIAL","2.2","2.2","PIED","CLOSED CANOPY"
"1150","R034BY322UT","CURRENT POTENTIAL","2.2","2.2","CEMO2",NA
"1151",NA,NA,NA,NA,NA,NA
"1152","R034BY302UT","REFERENCE","1.1","1.1","ARTRW8",NA
"1153","R034BY302UT","REFERENCE","1.1","1.1","PG/AG",NA
"1154",NA,NA,NA,NA,NA,NA
"1155","R034BY112UT","REFERENCE","1.1","DESERT GRASSLAND/SHRUBLAND","ACHY",NA
"1156","R034BY112UT","REFERENCE","1.1","DESERT GRASSLAND/SHRUBLAND","PLJA",NA
"1157","R034BY112UT","REFERENCE","1.1","DESERT GRASSLAND/SHRUBLAND","ATCA2",NA
"1158","R034BY112UT","REFERENCE","1.1","DESERT GRASSLAND/SHRUBLAND","PG",NA
"1159","R034BY112UT","REFERENCE","1.1","DESERT GRASSLAND/SHRUBLAND","PF/AF",NA
"1160",NA,NA,NA,NA,NA,NA
"1161","R034BY115UT","REFERENCE","1.1","DESERT GRASSLAND/SHRUBLAND","ACHY",NA
"1162","R034BY115UT","REFERENCE","1.1","DESERT GRASSLAND/SHRUBLAND","PLJA",NA
"1163","R034BY115UT","REFERENCE","1.1","DESERT GRASSLAND/SHRUBLAND","ATCA2",NA
"1164","R034BY115UT","REFERENCE","1.1","DESERT GRASSLAND/SHRUBLAND","PG",NA
"1165","R034BY115UT","REFERENCE","1.1","DESERT GRASSLAND/SHRUBLAND","PG/AG",NA
"1166",NA,NA,NA,NA,NA,NA
"1167","R042XB036NM","HISTORIC CLIMAX PLANT COMMUNITY","1.1","HISTORIC CLIMAX PLANT COMMUNITY","SPAI",NA
"1168","R042XB036NM","HISTORIC CLIMAX PLANT COMMUNITY","1.1","HISTORIC CLIMAX PLANT COMMUNITY","ATCA2","SCATTERED"
"1169","R042XB036NM","HISTORIC CLIMAX PLANT COMMUNITY","1.1","HISTORIC CLIMAX PLANT COMMUNITY","ALOC2","SCATTERED"
"1170",NA,NA,NA,NA,NA,NA
"1171","R035XY263UT","REFERENCE","1.1","PJ SHRUBLAND WITH PERENNIAL GRASSES","PIED","SPARSE CANOPY"
"1172","R035XY263UT","REFERENCE","1.1","PJ SHRUBLAND WITH PERENNIAL GRASSES","JUOS","SPARSE CANOPY"
"1173","R035XY263UT","REFERENCE","1.1","PJ SHRUBLAND WITH PERENNIAL GRASSES","ARBI3","DOMINANT SHRUB"
"1174","R035XY263UT","REFERENCE","1.1","PJ SHRUBLAND WITH PERENNIAL GRASSES","EPHEDRA","DOMINANT SHRUB"
"1175","R035XY263UT","REFERENCE","1.1","PJ SHRUBLAND WITH PERENNIAL GRASSES","ACHY","30%"
"1176","R035XY263UT","REFERENCE","1.1","PJ SHRUBLAND WITH PERENNIAL GRASSES","LESAS","30%"
"1177","R035XY263UT","REFERENCE","1.2","UTAH JUNIPER SHRUBLAND WITH PERENNIAL GRASSES","JUOS","VERY SPARSE"
"1178","R035XY263UT","REFERENCE","1.2","UTAH JUNIPER SHRUBLAND WITH PERENNIAL GRASSES","PIED","VERY SPARSE"
"1179","R035XY263UT","REFERENCE","1.2","UTAH JUNIPER SHRUBLAND WITH PERENNIAL GRASSES","ARBI3","DOMINANT SHRUB"
"1180","R035XY263UT","REFERENCE","1.2","UTAH JUNIPER SHRUBLAND WITH PERENNIAL GRASSES","EPHEDRA","DOMINANT SHRUB"
"1181","R035XY263UT","REFERENCE","1.2","UTAH JUNIPER SHRUBLAND WITH PERENNIAL GRASSES","ACHY","25%"
"1182","R035XY263UT","REFERENCE","1.2","UTAH JUNIPER SHRUBLAND WITH PERENNIAL GRASSES","PG","25%"
"1183","R035XY263UT","CURRENT POTENTIAL","2.1","PJ SHRUBLAND WITH INVASIVE SPECIES","PIED","VERY SPARSE"
"1184","R035XY263UT","CURRENT POTENTIAL","2.1","PJ SHRUBLAND WITH INVASIVE SPECIES","JUOS","VERY SPARSE"
"1185","R035XY263UT","CURRENT POTENTIAL","2.1","PJ SHRUBLAND WITH INVASIVE SPECIES","ARBI3","DOMINANT SHRUB"
"1186","R035XY263UT","CURRENT POTENTIAL","2.1","PJ SHRUBLAND WITH INVASIVE SPECIES","EPHEDRA","DOMINANT SHRUB"
"1187","R035XY263UT","CURRENT POTENTIAL","2.1","PJ SHRUBLAND WITH INVASIVE SPECIES","ACHY","30%"
"1188","R035XY263UT","CURRENT POTENTIAL","2.1","PJ SHRUBLAND WITH INVASIVE SPECIES","LESAS","30%"
"1189","R035XY263UT","CURRENT POTENTIAL","2.1","PJ SHRUBLAND WITH INVASIVE SPECIES","NOXIOUS ANNUAL","30%"
"1190","R035XY263UT","CURRENT POTENTIAL","2.2","UTAH JUNIPER SHRUBLAND WITH INVASIVE SPECIES","JUOS","VERY SPARSE"
"1191","R035XY263UT","CURRENT POTENTIAL","2.2","UTAH JUNIPER SHRUBLAND WITH INVASIVE SPECIES","PIED","VERY SPARSE"
"1192","R035XY263UT","CURRENT POTENTIAL","2.2","UTAH JUNIPER SHRUBLAND WITH INVASIVE SPECIES","ARBI3","DOMINANT SHRUB"
"1193","R035XY263UT","CURRENT POTENTIAL","2.2","UTAH JUNIPER SHRUBLAND WITH INVASIVE SPECIES","EPHEDRA","DOMINANT SHRUB"
"1194","R035XY263UT","CURRENT POTENTIAL","2.2","UTAH JUNIPER SHRUBLAND WITH INVASIVE SPECIES","ACHY","25%"
"1195","R035XY263UT","CURRENT POTENTIAL","2.2","UTAH JUNIPER SHRUBLAND WITH INVASIVE SPECIES","PG","25%"
"1196","R035XY263UT","CURRENT POTENTIAL","2.2","UTAH JUNIPER SHRUBLAND WITH INVASIVE SPECIES","NOXIOUS ANNUAL","25%"
"1197",NA,NA,NA,NA,NA,NA
"1198","R035XY146UT","REFERENCE","1.1","SHADSCALE SHRUBLAND WITH PERENNIAL GRASSES","ATCO","DOMINANT"
"1199","R035XY146UT","REFERENCE","1.1","SHADSCALE SHRUBLAND WITH PERENNIAL GRASSES","EPTO","COMMON"
"1200","R035XY146UT","REFERENCE","1.1","SHADSCALE SHRUBLAND WITH PERENNIAL GRASSES","PLJA","20%"
"1201","R035XY146UT","REFERENCE","1.1","SHADSCALE SHRUBLAND WITH PERENNIAL GRASSES","ACHY","20%"
"1202","R035XY146UT","REFERENCE","1.2","SHADSCALE SHRUBLAND","ATCO","DOMINANT"
"1203","R035XY146UT","REFERENCE","1.2","SHADSCALE SHRUBLAND","EPTO","COMMON"
"1204","R035XY146UT","REFERENCE","1.2","SHADSCALE SHRUBLAND","PLJA","<5%"
"1205","R035XY146UT","REFERENCE","1.2","SHADSCALE SHRUBLAND","ACHY","<5%"
"1206","R035XY146UT","CURRENT POTENTIAL","2.1","SHADSCALE SHRUBLAND WITH PERENNIAL GRASSES & INVASIVE SPECIES","ATCO","DOMINANT"
"1207","R035XY146UT","CURRENT POTENTIAL","2.1","SHADSCALE SHRUBLAND WITH PERENNIAL GRASSES & INVASIVE SPECIES","EPTO","COMMON"
"1208","R035XY146UT","CURRENT POTENTIAL","2.1","SHADSCALE SHRUBLAND WITH PERENNIAL GRASSES & INVASIVE SPECIES","PLJA","15%"
"1209","R035XY146UT","CURRENT POTENTIAL","2.1","SHADSCALE SHRUBLAND WITH PERENNIAL GRASSES & INVASIVE SPECIES","ACHY","15%"
"1210","R035XY146UT","CURRENT POTENTIAL","2.1","SHADSCALE SHRUBLAND WITH PERENNIAL GRASSES & INVASIVE SPECIES","NOXIOUS SPECIES","PRESENT"
"1211","R035XY146UT","CURRENT POTENTIAL","2.2","SHADSCALE SHRUBLAND & INVASIVE SPECIES","ATCO","DOMINANT"
"1212","R035XY146UT","CURRENT POTENTIAL","2.2","SHADSCALE SHRUBLAND & INVASIVE SPECIES","EPTO","COMMON"
"1213","R035XY146UT","CURRENT POTENTIAL","2.2","SHADSCALE SHRUBLAND & INVASIVE SPECIES","PLJA","<5%"
"1214","R035XY146UT","CURRENT POTENTIAL","2.2","SHADSCALE SHRUBLAND & INVASIVE SPECIES","ACHY","<5%"
"1215","R035XY146UT","CURRENT POTENTIAL","2.2","SHADSCALE SHRUBLAND & INVASIVE SPECIES","NOXIOUS SPECIES","PRESENT"
"1216",NA,NA,NA,NA,NA,NA
"1217","R035XY240UT","REFERENCE","1.1","PJ WOODLAND WITH PERENNIAL GRASSES","PIED","SPARSE CANOPY"
"1218","R035XY240UT","REFERENCE","1.1","PJ WOODLAND WITH PERENNIAL GRASSES","JUOS","SPARSE CANOPY"
"1219","R035XY240UT","REFERENCE","1.1","PJ WOODLAND WITH PERENNIAL GRASSES","CORA","DOMINANT"
"1220","R035XY240UT","REFERENCE","1.1","PJ WOODLAND WITH PERENNIAL GRASSES","ARBI3","DOMINANT"
"1221","R035XY240UT","REFERENCE","1.1","PJ WOODLAND WITH PERENNIAL GRASSES","EPHEDRA","DOMINANT"
"1222","R035XY240UT","REFERENCE","1.1","PJ WOODLAND WITH PERENNIAL GRASSES","ACHY","30%"
"1223","R035XY240UT","REFERENCE","1.1","PJ WOODLAND WITH PERENNIAL GRASSES","LESAS","30%"
"1224","R035XY240UT","REFERENCE","1.2","UTAH JUNIPER WOODLAND WITH PERENNIAL GRASSES","JUOS","SPARSE CANOPY"
"1225","R035XY240UT","REFERENCE","1.2","UTAH JUNIPER WOODLAND WITH PERENNIAL GRASSES","PIED","SPARSE CANOPY"
"1226","R035XY240UT","REFERENCE","1.2","UTAH JUNIPER WOODLAND WITH PERENNIAL GRASSES","CORA","DOMINANT"
"1227","R035XY240UT","REFERENCE","1.2","UTAH JUNIPER WOODLAND WITH PERENNIAL GRASSES","ARBI3","DOMINANT"
"1228","R035XY240UT","REFERENCE","1.2","UTAH JUNIPER WOODLAND WITH PERENNIAL GRASSES","EPHEDRA","DOMINANT"
"1229","R035XY240UT","REFERENCE","1.2","UTAH JUNIPER WOODLAND WITH PERENNIAL GRASSES","ACHY","20%"
"1230","R035XY240UT","REFERENCE","1.2","UTAH JUNIPER WOODLAND WITH PERENNIAL GRASSES","PG","20%"
"1231","R035XY240UT","CURRENT POTENTIAL","2.1","PJ WOODLAND WITH INVASIVE SPECIES","PIED","SPARSE CANOPY"
"1232","R035XY240UT","CURRENT POTENTIAL","2.1","PJ WOODLAND WITH INVASIVE SPECIES","JUOS","SPARSE CANOPY"
"1233","R035XY240UT","CURRENT POTENTIAL","2.1","PJ WOODLAND WITH INVASIVE SPECIES","CORA","DOMINANT"
"1234","R035XY240UT","CURRENT POTENTIAL","2.1","PJ WOODLAND WITH INVASIVE SPECIES","ARBI3","DOMINANT"
"1235","R035XY240UT","CURRENT POTENTIAL","2.1","PJ WOODLAND WITH INVASIVE SPECIES","EPHEDRA","DOMINANT"
"1236","R035XY240UT","CURRENT POTENTIAL","2.1","PJ WOODLAND WITH INVASIVE SPECIES","ACHY","25%"
"1237","R035XY240UT","CURRENT POTENTIAL","2.1","PJ WOODLAND WITH INVASIVE SPECIES","LESAS","25%"
"1238","R035XY240UT","CURRENT POTENTIAL","2.1","PJ WOODLAND WITH INVASIVE SPECIES","NOXIOUS ANNUAL","25%"
"1239","R035XY240UT","CURRENT POTENTIAL","2.2","UTAH JUNIPER WOODLAND WITH INVASIVE SPECIES","JUOS","SPARSE CANOPY"
"1240","R035XY240UT","CURRENT POTENTIAL","2.2","UTAH JUNIPER WOODLAND WITH INVASIVE SPECIES","PIED","SPARSE CANOPY"
"1241","R035XY240UT","CURRENT POTENTIAL","2.2","UTAH JUNIPER WOODLAND WITH INVASIVE SPECIES","CORA","DOMINANT"
"1242","R035XY240UT","CURRENT POTENTIAL","2.2","UTAH JUNIPER WOODLAND WITH INVASIVE SPECIES","ARBI3","DOMINANT"
"1243","R035XY240UT","CURRENT POTENTIAL","2.2","UTAH JUNIPER WOODLAND WITH INVASIVE SPECIES","EPHEDRA","DOMINANT"
"1244","R035XY240UT","CURRENT POTENTIAL","2.2","UTAH JUNIPER WOODLAND WITH INVASIVE SPECIES","ACHY","20%"
"1245","R035XY240UT","CURRENT POTENTIAL","2.2","UTAH JUNIPER WOODLAND WITH INVASIVE SPECIES","PG","20%"
"1246","R035XY240UT","CURRENT POTENTIAL","2.2","UTAH JUNIPER WOODLAND WITH INVASIVE SPECIES","NOXIOUS ANNUAL","20%"
"1247",NA,NA,NA,NA,NA,NA
"1248","R034BY101UT","REFERENCE","1.1",NA,"ATGA",NA
"1249","R034BY101UT","REFERENCE","1.1",NA,"ACHY",NA
"1250","R034BY101UT","REFERENCE","1.1",NA,"PLJA",NA
"1251","R034BY101UT","REFERENCE","1.2",NA,"ATGA",NA
"1252","R034BY101UT","REFERENCE","1.2",NA,"PLJA",NA
"1253","R034BY101UT","REFERENCE","1.2",NA,"ACHY","DECLINE"
"1254","R034BY101UT","CURRENT POTENTIAL","2.1",NA,"ATGA",NA
"1255","R034BY101UT","CURRENT POTENTIAL","2.1",NA,"ACHY",NA
"1256","R034BY101UT","CURRENT POTENTIAL","2.1",NA,"PLJA",NA
"1257","R034BY101UT","CURRENT POTENTIAL","2.1",NA,"NOXIOUS","PRESENT"
"1258","R034BY101UT","CURRENT POTENTIAL","2.2",NA,"ATGA",NA
"1259","R034BY101UT","CURRENT POTENTIAL","2.2",NA,"PLJA",NA
"1260","R034BY101UT","CURRENT POTENTIAL","2.2",NA,"NOXIOUS","PRESENT"
"1261","R034BY101UT","CURRENT POTENTIAL","2.3",NA,"ATGA",NA
"1262","R034BY101UT","DEGRADED","3.1",NA,"ATGA",NA
"1263","R034BY101UT","DEGRADED","3.1",NA,"PLJA",NA
"1264","R034BY101UT","DEGRADED","3.1",NA,"HAGL","PREVALENT"
"1265","R034BY101UT","FORB DOMINATED","4.1",NA,"HAGL",NA
"1266","R034BY101UT","FORB DOMINATED","4.1",NA,"PF",NA
