ESD-CODE,STATE,PHASE,PHASE-NAME,VEG,NOTES
R036XY325CO,REFERENCE,1.1,PERENNIAL SHRUBLAND/GRASSLAND,ARTRW8,
R036XY325CO,REFERENCE,1.1,PERENNIAL SHRUBLAND/GRASSLAND,PG/AG,
R036XY325CO,REFERENCE,1.1,PERENNIAL SHRUBLAND/GRASSLAND,SH,
R036XY325CO,REFERENCE,1.1,PERENNIAL SHRUBLAND/GRASSLAND,PF/AF,
R036XY325CO,REFERENCE,1.2,PERENNIAL GRASSLAND,GALLETA,
R036XY325CO,REFERENCE,1.2,PERENNIAL GRASSLAND,INDIAN RICEGRASS,
R036XY325CO,REFERENCE,1.2,PERENNIAL GRASSLAND,PG/AG,
R036XY325CO,REFERENCE,1.2,PERENNIAL GRASSLAND,SH,
R036XY325CO,REFERENCE,1.2,PERENNIAL GRASSLAND,AF/PF,
R036XY325CO,REFERENCE,1.3,PERENNIAL SHRUBLAND,ARTRW8,
R036XY325CO,REFERENCE,1.3,PERENNIAL SHRUBLAND,SNAKEWEED,
R036XY325CO,REFERENCE,1.3,PERENNIAL SHRUBLAND,INDIAN RICEGRASS,
R036XY325CO,REFERENCE,1.3,PERENNIAL SHRUBLAND,GALLETA,
R036XY325CO,REFERENCE,1.3,PERENNIAL SHRUBLAND,PG/AG,
R036XY325CO,REFERENCE,1.3,PERENNIAL SHRUBLAND,SH,
R036XY325CO,REFERENCE,1.3,PERENNIAL SHRUBLAND,PF/AF,
R036XY325CO,POTENTIAL,2.1,PERENNIAL SHRUBLAND/GRASSLAND,ARTRW8,
R036XY325CO,POTENTIAL,2.1,PERENNIAL SHRUBLAND/GRASSLAND,GALLETA,
R036XY325CO,POTENTIAL,2.1,PERENNIAL SHRUBLAND/GRASSLAND,INDIAN RICEGRASS,
R036XY325CO,POTENTIAL,2.1,PERENNIAL SHRUBLAND/GRASSLAND,PG/AG,
R036XY325CO,POTENTIAL,2.1,PERENNIAL SHRUBLAND/GRASSLAND,SH,
R036XY325CO,POTENTIAL,2.1,PERENNIAL SHRUBLAND/GRASSLAND,PF/AF,
R036XY325CO,POTENTIAL,2.1,PERENNIAL SHRUBLAND/GRASSLAND,NOXIOUS,PRESENT
R036XY325CO,POTENTIAL,2.2,PERENNIAL GRASSLAND,GALLETA,
R036XY325CO,POTENTIAL,2.2,PERENNIAL GRASSLAND,INDIAN RICEGRASS,
R036XY325CO,POTENTIAL,2.2,PERENNIAL GRASSLAND,PG/AG,
R036XY325CO,POTENTIAL,2.2,PERENNIAL GRASSLAND,SH,
R036XY325CO,POTENTIAL,2.2,PERENNIAL GRASSLAND,PF/AF,
R036XY325CO,POTENTIAL,2.2,PERENNIAL GRASSLAND,NOXIOUS,PRESENT
R036XY325CO,POTENTIAL,2.3,PERENNIAL SHRUBLAND,ARTRW8,
R036XY325CO,POTENTIAL,2.3,PERENNIAL SHRUBLAND,SNAKEWEED,
R036XY325CO,POTENTIAL,2.3,PERENNIAL SHRUBLAND,INDIAN RICEGRASS,
R036XY325CO,POTENTIAL,2.3,PERENNIAL SHRUBLAND,GALLETA,
R036XY325CO,POTENTIAL,2.3,PERENNIAL SHRUBLAND,PG/AG,
R036XY325CO,POTENTIAL,2.3,PERENNIAL SHRUBLAND,SH,
R036XY325CO,POTENTIAL,2.3,PERENNIAL SHRUBLAND,PF/AF,
R036XY325CO,POTENTIAL,2.4,PJ ENCROACHED SHRULAND,ARTRW8,
R036XY325CO,POTENTIAL,2.4,PJ ENCROACHED SHRULAND,UTAH JUNIPER,
R036XY325CO,POTENTIAL,2.4,PJ ENCROACHED SHRULAND,PG/AG,
R036XY325CO,POTENTIAL,2.4,PJ ENCROACHED SHRULAND,SH,
R036XY325CO,POTENTIAL,2.4,PJ ENCROACHED SHRULAND,AG/PF,
R036XY325CO,POTENTIAL,2.4,PJ ENCROACHED SHRULAND,NOXIOUS,PRESENT
R036XY325CO,DEPAUPERATE,3.1,SHRUBLAND,ARTRW8,
R036XY325CO,DEPAUPERATE,3.1,SHRUBLAND,SNAKEWEED,
R036XY325CO,DEPAUPERATE,3.1,SHRUBLAND,PG/AG,SPARSE-ABSENT
R036XY325CO,DEPAUPERATE,3.1,SHRUBLAND,PF/AF,SPARSE-ABSENT
R036XY325CO,DEPAUPERATE,3.2,ENCROACHED SHRUBLAND,ARTRW8,
R036XY325CO,DEPAUPERATE,3.2,ENCROACHED SHRUBLAND,UTAH JUNIPER,
R036XY325CO,DEPAUPERATE,3.2,ENCROACHED SHRUBLAND,PG,SPARSE-ABSENT
R036XY325CO,DEPAUPERATE,3.2,ENCROACHED SHRUBLAND,PF/AF,SPARSE-ABSENT
R036XY325CO,JUNIPER ENCHROACHMENT,4.1,JUNIPER ENCHROACHMENT,UTAH JUNIPER,
R036XY325CO,JUNIPER ENCHROACHMENT,4.1,JUNIPER ENCHROACHMENT,ARTRW8,
R036XY325CO,JUNIPER ENCHROACHMENT,4.1,JUNIPER ENCHROACHMENT,PG,
R036XY325CO,JUNIPER ENCHROACHMENT,4.1,JUNIPER ENCHROACHMENT,PF/AF,
R036XY325CO,INVASIVE ANNUAL,5.1,SAGEBRUSH WITH ANNUALS,CHEATGRASS,
R036XY325CO,INVASIVE ANNUAL,5.1,SAGEBRUSH WITH ANNUALS,BIG SAGEBRUSH,
R036XY325CO,INVASIVE ANNUAL,5.1,SAGEBRUSH WITH ANNUALS,PG/AG,
R036XY325CO,INVASIVE ANNUAL,5.1,SAGEBRUSH WITH ANNUALS,PF/AF,
R036XY325CO,INVASIVE ANNUAL,5.1,SAGEBRUSH WITH ANNUALS,SH,
R036XY325CO,INVASIVE ANNUAL,5.1,SAGEBRUSH WITH ANNUALS,TR,
R036XY325CO,INVASIVE ANNUAL,5.2,ANNUAL MONOCULTURE,CHEATGRASS,
R036XY325CO,INVASIVE ANNUAL,5.2,ANNUAL MONOCULTURE,AF,
R036XY325CO,INVASIVE ANNUAL,5.2,ANNUAL MONOCULTURE,RABBITBRUSH,
R036XY325CO,INVASIVE ANNUAL,5.2,ANNUAL MONOCULTURE,PG/AG,
R036XY325CO,SEEDED,6.1,GRASSLAND,PG -SEEDED,
R036XY325CO,SEEDED,6.1,GRASSLAND,PG/AG,
R036XY325CO,SEEDED,6.1,GRASSLAND,SH,
R036XY325CO,SEEDED,6.1,GRASSLAND,AF/PF,
R036XY325CO,SEEDED,6.2,GRASSLAND/SHRUBLAND,PG -SEEDED,
R036XY325CO,SEEDED,6.2,GRASSLAND/SHRUBLAND,ARTRW8,
R036XY325CO,SEEDED,6.2,GRASSLAND/SHRUBLAND,SH,
R036XY325CO,SEEDED,6.2,GRASSLAND/SHRUBLAND,PG/AG,
R036XY325CO,SEEDED,6.2,GRASSLAND/SHRUBLAND,AF/PF,
R036XY325CO,SEEDED,6.3,SHRUBLAND,ARTRW8,
R036XY325CO,SEEDED,6.3,SHRUBLAND,PG -SEEDED,
R036XY325CO,SEEDED,6.3,SHRUBLAND,AG/PG,
R036XY325CO,SEEDED,6.3,SHRUBLAND,SH,
R036XY325CO,SEEDED,6.3,SHRUBLAND,AF/PF,
R036XY325CO,SEEDED,6.3,SHRUBLAND,UTAH JUNIPER,ABSENT-SPARSE
R036XY325CO,SEEDED,6.3,SHRUBLAND,PINYON,ABSENT-SPARSE
R026XY114CO,REFERENCE,1.1,PJ WOODLAND,UTAH JUNIPER,
R026XY114CO,REFERENCE,1.1,PJ WOODLAND,PINYON,SCATTERED
R026XY114CO,REFERENCE,1.1,PJ WOODLAND,PG/AG,
R026XY114CO,REFERENCE,1.1,PJ WOODLAND,SH,
R026XY114CO,REFERENCE,1.1,PJ WOODLAND,PF/AF,
R026XY114CO,REFERENCE,1.2,MATURE PJ WOODLAND,PINYON,CO-DOMINANT
R026XY114CO,REFERENCE,1.2,MATURE PJ WOODLAND,UTAH JUNIPER,CO-DOMINANT
R026XY114CO,REFERENCE,1.2,MATURE PJ WOODLAND,PG/AG,
R026XY114CO,REFERENCE,1.2,MATURE PJ WOODLAND,PF/AF,
R026XY114CO,REFERENCE,1.2,MATURE PJ WOODLAND,SH,
R026XY114CO,REFERENCE,1.3,PERENNIAL SHRUBLAND W/ SCATTERED PJ,PG/AG,
R026XY114CO,REFERENCE,1.3,PERENNIAL SHRUBLAND W/ SCATTERED PJ,SH,
R026XY114CO,REFERENCE,1.3,PERENNIAL SHRUBLAND W/ SCATTERED PJ,PF/AF,
R026XY114CO,REFERENCE,1.3,PERENNIAL SHRUBLAND W/ SCATTERED PJ,UTAH JUNIPER,SCATTERED/STARTING TO RE-ESTABLISH
R026XY114CO,REFERENCE,1.3,PERENNIAL SHRUBLAND W/ SCATTERED PJ,PINYON,SCATTERED/STARTING TO RE-ESTABLISH
R026XY114CO,POTENTIAL ,2.1,PJ WOODLAND,UTAH JUNIPER,SCATTERED
R026XY114CO,POTENTIAL ,2.1,PJ WOODLAND,PINYON,SCATTERED
R026XY114CO,POTENTIAL ,2.1,PJ WOODLAND,PG/AG,
R026XY114CO,POTENTIAL ,2.1,PJ WOODLAND,PF/AF,
R026XY114CO,POTENTIAL ,2.1,PJ WOODLAND,SH,
R026XY114CO,POTENTIAL ,2.1,PJ WOODLAND,NOXIOUS,PRESENT
R026XY114CO,POTENTIAL ,2.2,MATURE PJ WOODLAND,UTAH JUNIPER,CO-DOMINANT
R026XY114CO,POTENTIAL ,2.2,MATURE PJ WOODLAND,PINYON,CO-DOMINANT
R026XY114CO,POTENTIAL ,2.2,MATURE PJ WOODLAND,PG/AG,
R026XY114CO,POTENTIAL ,2.2,MATURE PJ WOODLAND,PF/AF,
R026XY114CO,POTENTIAL ,2.2,MATURE PJ WOODLAND,SH,
R026XY114CO,POTENTIAL ,2.2,MATURE PJ WOODLAND,NOXIOUS,PRESENT
R026XY114CO,POTENTIAL ,2.3,PERENNIAL SHRUBLAND W/ SCATTERED PJ,UTAH JUNIPER,SCATTERED/STARTING TO RE-ESTABLISH
R026XY114CO,POTENTIAL ,2.3,PERENNIAL SHRUBLAND W/ SCATTERED PJ,PINYON,SCATTERED/STARTING TO RE-ESTABLISH
R026XY114CO,POTENTIAL ,2.3,PERENNIAL SHRUBLAND W/ SCATTERED PJ,PG/AG,
R026XY114CO,POTENTIAL ,2.3,PERENNIAL SHRUBLAND W/ SCATTERED PJ,PF/AF,
R026XY114CO,POTENTIAL ,2.3,PERENNIAL SHRUBLAND W/ SCATTERED PJ,SH,
R026XY114CO,POTENTIAL ,2.3,PERENNIAL SHRUBLAND W/ SCATTERED PJ,NOXIOUS,PRESENT
R026XY114CO,INVASIVE,3.1,WOODLAND W/ INVASIVE PLANTS ,PINYON,
R026XY114CO,INVASIVE,3.1,WOODLAND W/ INVASIVE PLANTS ,UTAH JUNIPER,
R026XY114CO,INVASIVE,3.1,WOODLAND W/ INVASIVE PLANTS ,CHEATGRASS,
R026XY114CO,INVASIVE,3.1,WOODLAND W/ INVASIVE PLANTS ,PG/AG,
R026XY114CO,INVASIVE,3.1,WOODLAND W/ INVASIVE PLANTS ,PF/AF,
R026XY114CO,INVASIVE,3.1,WOODLAND W/ INVASIVE PLANTS ,SH,
R026XY114CO,INVASIVE,3.1,WOODLAND W/ INVASIVE PLANTS ,M/LC/CY,DENSE 
R026XY114CO,INVASIVE,3.2,INVASIVE ANNUALS,PINYON,
R026XY114CO,INVASIVE,3.2,INVASIVE ANNUALS,UTAH JUNIPER,
R026XY114CO,INVASIVE,3.2,INVASIVE ANNUALS,CHEATGRASS,
R026XY114CO,INVASIVE,3.2,INVASIVE ANNUALS,PG,SPARSE-ABSENT
R026XY114CO,INVASIVE,3.2,INVASIVE ANNUALS,PF,SPARSE-ABSENT
R026XY114CO,INVASIVE,3.2,INVASIVE ANNUALS,SH,
R026XY114CO,INVASIVE,3.2,INVASIVE ANNUALS,M/LC/CY,DENSE 
R026XY114CO,SEEDED,4.1,SEEDED GRASSLAND/SHRUBLAND,PG/AG,
R026XY114CO,SEEDED,4.1,SEEDED GRASSLAND/SHRUBLAND,SH,
R026XY114CO,SEEDED,4.1,SEEDED GRASSLAND/SHRUBLAND,PF/AF,
R026XY114CO,SEEDED,4.2,SEEDED W/ PJ,PG/AG,
R026XY114CO,SEEDED,4.2,SEEDED W/ PJ,PINYON,SCATTERED
R026XY114CO,SEEDED,4.2,SEEDED W/ PJ,UTAH JUNIPER,SCATTERED
R026XY114CO,SEEDED,4.2,SEEDED W/ PJ,SH,
R026XY114CO,SEEDED,4.2,SEEDED W/ PJ,PF/AF,
R034BY404CO,REFERENCE,1.1,PERENNIAL GRASS-SHRUBS,GALLETA,
R034BY404CO,REFERENCE,1.1,PERENNIAL GRASS-SHRUBS,INDIAN RICEGRASS,
R034BY404CO,REFERENCE,1.1,PERENNIAL GRASS-SHRUBS,SHADSCALE,
R034BY404CO,REFERENCE,1.1,PERENNIAL GRASS-SHRUBS,WINTERFAT,
R034BY404CO,REFERENCE,1.2,SHRUB DOMINATED,SHADSCALE,DOMINANT
R034BY404CO,REFERENCE,1.2,SHRUB DOMINATED,WINTERFAT,DOMINANT
R034BY404CO,REFERENCE,1.2,SHRUB DOMINATED,PG,SPARSE
R034BY404CO,CURRENT POTENTIAL,2.1,GRASS-SHRUB MIX,GALLETA,CO-DOMINANT
R034BY404CO,CURRENT POTENTIAL,2.1,GRASS-SHRUB MIX,INDIAN RICEGRASS,CO-DOMINANT
R034BY404CO,CURRENT POTENTIAL,2.1,GRASS-SHRUB MIX,SHADSCALE,CO-DOMINANT
R034BY404CO,CURRENT POTENTIAL,2.1,GRASS-SHRUB MIX,WINTERFAT,CO-DOMINANT
R034BY404CO,CURRENT POTENTIAL,2.1,GRASS-SHRUB MIX,ANNUAL NOXIOUS,PRESENT
R034BY404CO,CURRENT POTENTIAL,2.2,ANNUAL SPECIES CO-DOMINANT,ANNUAL NOXIOUS,
R034BY404CO,CURRENT POTENTIAL,2.2,ANNUAL SPECIES CO-DOMINANT,PG,
R034BY404CO,CURRENT POTENTIAL,2.2,ANNUAL SPECIES CO-DOMINANT,PERENNIAL SHRUB,
R034BY404CO,SNAKEWEED/RABBITBRUSH,3.1,SNAKEWEED/RABBITBRUSH DOMINATED,SNAKEWEED ,DOMINANT 
R034BY404CO,SNAKEWEED/RABBITBRUSH,3.1,SNAKEWEED/RABBITBRUSH DOMINATED,PG,PRESENT
R034BY404CO,SNAKEWEED/RABBITBRUSH,3.1,SNAKEWEED/RABBITBRUSH DOMINATED,ANNUAL NOXIOUS,PRESENT 
R036XY113CO,REFERENCE,1.1,PINYON-JUNIPER WOODLAND,UTAH JUNIPER,SCATTERED
R036XY113CO,REFERENCE,1.1,PINYON-JUNIPER WOODLAND,PINYON,
R036XY113CO,REFERENCE,1.1,PINYON-JUNIPER WOODLAND,PG/AG,
R036XY113CO,REFERENCE,1.1,PINYON-JUNIPER WOODLAND,PF/AF,
R036XY113CO,REFERENCE,1.1,PINYON-JUNIPER WOODLAND,SH,CODOMINANT WITH UTAH JUNIPER
R036XY113CO,REFERENCE,1.2,MATURE PINYON-JUNIPER WOODLAND,PINYON,CODOMINANT WITH PINYON
R036XY113CO,REFERENCE,1.2,MATURE PINYON-JUNIPER WOODLAND,UTAH JUNIPER,
R036XY113CO,REFERENCE,1.2,MATURE PINYON-JUNIPER WOODLAND,PG/AG,
R036XY113CO,REFERENCE,1.2,MATURE PINYON-JUNIPER WOODLAND,PF/AF,
R036XY113CO,REFERENCE,1.2,MATURE PINYON-JUNIPER WOODLAND,SH,OTHER
R036XY113CO,REFERENCE,1.3,PERRENIAL SHRUBLAND WITH SCATTERED PJ,PG/AG,
R036XY113CO,REFERENCE,1.3,PERRENIAL SHRUBLAND WITH SCATTERED PJ,SH,
R036XY113CO,REFERENCE,1.3,PERRENIAL SHRUBLAND WITH SCATTERED PJ,PF/AF,SCATTERED
R036XY113CO,REFERENCE,1.3,PERRENIAL SHRUBLAND WITH SCATTERED PJ,UTAH JUNIPER,SCATTERED
R036XY113CO,REFERENCE,1.3,PERRENIAL SHRUBLAND WITH SCATTERED PJ,PINYON,
R036XY113CO,POTENTIAL,2.1,PINYON-JUNIPER WOODLAND,UTAH JUNIPER,SCATTERED
R036XY113CO,POTENTIAL,2.1,PINYON-JUNIPER WOODLAND,PINYON,
R036XY113CO,POTENTIAL,2.1,PINYON-JUNIPER WOODLAND,PG/AG,
R036XY113CO,POTENTIAL,2.1,PINYON-JUNIPER WOODLAND,PF/AF,
R036XY113CO,POTENTIAL,2.1,PINYON-JUNIPER WOODLAND,SH,PRESENT
R036XY113CO,POTENTIAL,2.1,PINYON-JUNIPER WOODLAND,INVASIVES,
R036XY113CO,POTENTIAL,2.2,MATURE PINYON-JUNIPER WOODLAND,PINYON,
R036XY113CO,POTENTIAL,2.2,MATURE PINYON-JUNIPER WOODLAND,UTAH JUNIPER,
R036XY113CO,POTENTIAL,2.2,MATURE PINYON-JUNIPER WOODLAND,PG/AG,
R036XY113CO,POTENTIAL,2.2,MATURE PINYON-JUNIPER WOODLAND,PF/AF,
R036XY113CO,POTENTIAL,2.2,MATURE PINYON-JUNIPER WOODLAND,SH,PRESENT
R036XY113CO,POTENTIAL,2.2,MATURE PINYON-JUNIPER WOODLAND,INVASIVES,OTHER
R036XY113CO,POTENTIAL,2.3,PERRENIAL SHRUBLAND WITH SCATTERED PJ,PG/AG,
R036XY113CO,POTENTIAL,2.3,PERRENIAL SHRUBLAND WITH SCATTERED PJ,PF/AF,OTHER
R036XY113CO,POTENTIAL,2.3,PERRENIAL SHRUBLAND WITH SCATTERED PJ,SH,SCATTERED
R036XY113CO,POTENTIAL,2.3,PERRENIAL SHRUBLAND WITH SCATTERED PJ,UTAH JUNIPER,SCATTERED
R036XY113CO,POTENTIAL,2.3,PERRENIAL SHRUBLAND WITH SCATTERED PJ,PINYON,PRESENT
R036XY113CO,POTENTIAL,2.3,PERRENIAL SHRUBLAND WITH SCATTERED PJ,INVASIVES,
R036XY113CO,INVASIVE,3.1,PJ WOODLAND WITH INVASIVE PLANTS,PINYON,
R036XY113CO,INVASIVE,3.1,PJ WOODLAND WITH INVASIVE PLANTS,UTAH JUNIPER,
R036XY113CO,INVASIVE,3.1,PJ WOODLAND WITH INVASIVE PLANTS,CHEATGRASS,
R036XY113CO,INVASIVE,3.1,PJ WOODLAND WITH INVASIVE PLANTS,FORBS,
R036XY113CO,INVASIVE,3.1,PJ WOODLAND WITH INVASIVE PLANTS,SHRUBS,
R036XY113CO,INVASIVE,3.1,PJ WOODLAND WITH INVASIVE PLANTS,M/LC/CY,DENSE
R036XY113CO,INVASIVE,3.2,INVASIVE ANNUALS,PINYON,
R036XY113CO,INVASIVE,3.2,INVASIVE ANNUALS,UTAH JUNIPER,
R036XY113CO,INVASIVE,3.2,INVASIVE ANNUALS,CHEATGRASS,SPARSE TO ABSENT
R036XY113CO,INVASIVE,3.2,INVASIVE ANNUALS,PG ,SPARSE TO ABSENT
R036XY113CO,INVASIVE,3.2,INVASIVE ANNUALS,PF ,DENSE
R036XY113CO,INVASIVE,3.2,INVASIVE ANNUALS,M/LC/CY,SEEDED
R036XY113CO,SEEDED,4.1,SEEDED GRASSLAND/SHRUBLAND,PG/AG,OTHER
R036XY113CO,SEEDED,4.1,SEEDED GRASSLAND/SHRUBLAND,PG/AG,
R036XY113CO,SEEDED,4.1,SEEDED GRASSLAND/SHRUBLAND,SH,
R036XY113CO,SEEDED,4.1,SEEDED GRASSLAND/SHRUBLAND,PF/AF,SEEDED
R036XY113CO,SEEDED,4.2,SEEDED WITH PJ,PG/AG,SCATTERED
R036XY113CO,SEEDED,4.2,SEEDED WITH PJ,PINYON,SCATTERED
R036XY113CO,SEEDED,4.2,SEEDED WITH PJ,UTAH JUNIPER,OTHER
R036XY113CO,SEEDED,4.2,SEEDED WITH PJ,PG/AG,
R036XY113CO,SEEDED,4.2,SEEDED WITH PJ,SH,
R036XY113CO,SEEDED,4.2,SEEDED WITH PJ,PF/AF,
,,,,,
R036XY284CO,REFERENCE,1.1,PERRENIAL SHRUBLAND/GRASSLAND,ARTRW8,
R036XY284CO,REFERENCE,1.1,PERRENIAL SHRUBLAND/GRASSLAND,MUTTONGRASS,
R036XY284CO,REFERENCE,1.1,PERRENIAL SHRUBLAND/GRASSLAND,WESTERN WHEATGRASS,
R036XY284CO,REFERENCE,1.1,PERRENIAL SHRUBLAND/GRASSLAND,PF/AF,
R036XY284CO,REFERENCE,1.1,PERRENIAL SHRUBLAND/GRASSLAND,SHRUB,
R036XY284CO,REFERENCE,1.2,PERRENIAL GRASSLAND,MUTTONGRASS,
R036XY284CO,REFERENCE,1.2,PERRENIAL GRASSLAND,WESTERN WHEATGRASS,
R036XY284CO,REFERENCE,1.2,PERRENIAL GRASSLAND,INDIAN RICEGRASS,
R036XY284CO,REFERENCE,1.2,PERRENIAL GRASSLAND,FORB,
R036XY284CO,REFERENCE,1.2,PERRENIAL GRASSLAND,SHRUB,
R036XY284CO,REFERENCE,1.3,PERENNIAL SHRUBLAND,ARTRW8,
R036XY284CO,REFERENCE,1.3,PERENNIAL SHRUBLAND,YELLOW RABBITBRUSH,
R036XY284CO,REFERENCE,1.3,PERENNIAL SHRUBLAND,WESTERN WHEATGRASS,
R036XY284CO,REFERENCE,1.3,PERENNIAL SHRUBLAND,MUTTONGRASS,
R036XY284CO,REFERENCE,1.3,PERENNIAL SHRUBLAND,PG/AG,
R036XY284CO,REFERENCE,1.3,PERENNIAL SHRUBLAND,PF/AF,
R036XY284CO,REFERENCE,1.3,PERENNIAL SHRUBLAND,SHRUB,
R036XY284CO,CURRENT POTENTIAL,2.1,PERENNIAL SHRUBLAND/GRASSLAND,ARTRW8,
R036XY284CO,CURRENT POTENTIAL,2.1,PERENNIAL SHRUBLAND/GRASSLAND,MUTTONGRASS,
R036XY284CO,CURRENT POTENTIAL,2.1,PERENNIAL SHRUBLAND/GRASSLAND,WESTERN WHEATGRASS,
R036XY284CO,CURRENT POTENTIAL,2.1,PERENNIAL SHRUBLAND/GRASSLAND,INDIAN RICEGRASS,
R036XY284CO,CURRENT POTENTIAL,2.1,PERENNIAL SHRUBLAND/GRASSLAND,PF/AF,
R036XY284CO,CURRENT POTENTIAL,2.1,PERENNIAL SHRUBLAND/GRASSLAND,SHRUB,
R036XY284CO,CURRENT POTENTIAL,2.1,PERENNIAL SHRUBLAND/GRASSLAND,NOXIOUS,PRESENT
R036XY284CO,CURRENT POTENTIAL,2.2,PERENNIAL GRASSLAND,MUTTONGRASS,
R036XY284CO,CURRENT POTENTIAL,2.2,PERENNIAL GRASSLAND,WESTERN WHEATGRASS,
R036XY284CO,CURRENT POTENTIAL,2.2,PERENNIAL GRASSLAND,INDIAN RICEGRASS,
R036XY284CO,CURRENT POTENTIAL,2.2,PERENNIAL GRASSLAND,PF/AF,
R036XY284CO,CURRENT POTENTIAL,2.2,PERENNIAL GRASSLAND,SHRUB,
R036XY284CO,CURRENT POTENTIAL,2.2,PERENNIAL GRASSLAND,NOXIOUS,PRESENT 
R036XY284CO,CURRENT POTENTIAL,2.3,PERENNIAL SHRUBLAND,ARTRW8,
R036XY284CO,CURRENT POTENTIAL,2.3,PERENNIAL SHRUBLAND,YELLOW RABBITBRUSH,
R036XY284CO,CURRENT POTENTIAL,2.3,PERENNIAL SHRUBLAND,WESTERN WHEATGRASS,
R036XY284CO,CURRENT POTENTIAL,2.3,PERENNIAL SHRUBLAND,MUTTONGRASS,
R036XY284CO,CURRENT POTENTIAL,2.3,PERENNIAL SHRUBLAND,PG/AG,
R036XY284CO,CURRENT POTENTIAL,2.3,PERENNIAL SHRUBLAND,PF/AF,
R036XY284CO,CURRENT POTENTIAL,2.3,PERENNIAL SHRUBLAND,SHRUB,
R036XY284CO,CURRENT POTENTIAL,2.3,PERENNIAL SHRUBLAND,NOXIOUS,PRESENT
R036XY284CO,PJ,3.1,PJ W/ UNDERSTORY,PINYON,
R036XY284CO,PJ,3.1,PJ W/ UNDERSTORY,UTAH JUNIPER,
R036XY284CO,PJ,3.1,PJ W/ UNDERSTORY,PG ,
R036XY284CO,PJ,3.1,PJ W/ UNDERSTORY,PF ,
R036XY284CO,PJ,3.1,PJ W/ UNDERSTORY,SHRUB,
R036XY284CO,PJ,3.2,PJ WOODLAND,ARTRW8,DOMINANT
R036XY284CO,PJ,3.2,PJ WOODLAND,UTAH JUNIPER,ABUNDANT IN PATCHES
R036XY284CO,PJ,3.2,PJ WOODLAND,PG,SPARSE-ABSENT
R036XY284CO,PJ,3.2,PJ WOODLAND,PF,SPARSE-ABSENT
R036XY284CO,SEEDED,4.1,SEEDED GRASSLAND,PG/AG -SEEDED,
R036XY284CO,SEEDED,4.1,SEEDED GRASSLAND,PG/AG,
R036XY284CO,SEEDED,4.1,SEEDED GRASSLAND,PF/AF,
R036XY284CO,SEEDED,4.1,SEEDED GRASSLAND,SHRUB,
R036XY284CO,SEEDED,4.2,SEEDED GRASSLAND/SHRUBLAND,PG/AG -SEEDED,
R036XY284CO,SEEDED,4.2,SEEDED GRASSLAND/SHRUBLAND,PG/AG,
R036XY284CO,SEEDED,4.2,SEEDED GRASSLAND/SHRUBLAND,PF/AF,
R036XY284CO,SEEDED,4.2,SEEDED GRASSLAND/SHRUBLAND,SHRUB,
R036XY284CO,SEEDED,4.2,SEEDED GRASSLAND/SHRUBLAND,ARTRW8,
R036XY284CO,SEEDED,4.3,SEEDED SHRUBLAND,PG/AG -SEEDED,
R036XY284CO,SEEDED,4.3,SEEDED SHRUBLAND,PG/AG,
R036XY284CO,SEEDED,4.3,SEEDED SHRUBLAND,PF/AF,
R036XY284CO,SEEDED,4.3,SEEDED SHRUBLAND,SHRUB,
R036XY284CO,SEEDED,4.3,SEEDED SHRUBLAND,ARTRW8,
R036XY284CO,SEEDED,4.3,SEEDED SHRUBLAND,UTAH JUNIPER,MAY BE PRESENT
R036XY284CO,SEEDED,4.3,SEEDED SHRUBLAND,PINYON,MAY BE PRESENT
R036XY284CO,INVASIVE ANNUAL,5.1,SAGEBRUSH W/ ANNUALS,CHEATGRASS,
R036XY284CO,INVASIVE ANNUAL,5.1,SAGEBRUSH W/ ANNUALS,ARTRW8,
R036XY284CO,INVASIVE ANNUAL,5.1,SAGEBRUSH W/ ANNUALS,PG/AG,
R036XY284CO,INVASIVE ANNUAL,5.1,SAGEBRUSH W/ ANNUALS,PF/AF,
R036XY284CO,INVASIVE ANNUAL,5.1,SAGEBRUSH W/ ANNUALS,SHRUB,
R036XY284CO,INVASIVE ANNUAL,5.1,SAGEBRUSH W/ ANNUALS,TREE,
R036XY284CO,INVASIVE ANNUAL,5.2,ANNUAL MONOCULTURE,CHEATGRASS,
R036XY284CO,INVASIVE ANNUAL,5.2,ANNUAL MONOCULTURE,AF ,
R036XY284CO,INVASIVE ANNUAL,5.2,ANNUAL MONOCULTURE,RABBITBRUSH,
R036XY284CO,INVASIVE ANNUAL,5.2,ANNUAL MONOCULTURE,PG/AG,
R034BY109UT,REFERENCE,1.1,1.1,SHADSCALE,
R034BY109UT,REFERENCE,1.1,1.1,BUD SAGEBRUSH,
R034BY109UT,REFERENCE,1.1,1.1,ACHY,
R034BY109UT,REFERENCE,1.2,1.2,SHADSCALE,
R034BY109UT,REFERENCE,1.2,1.2,SHRUB,OTHER
R034BY109UT,REFERENCE,1.2,1.2,ACHY,
R034BY109UT,REFERENCE,1.2,1.2,PG,OTHER
R034BY109UT,POTENTIAL,2.1,2.1,SHADSCALE,
R034BY109UT,POTENTIAL,2.1,2.1,BUD SAGEBRUSH,
R034BY109UT,POTENTIAL,2.1,2.1,AHCY,
R034BY109UT,POTENTIAL,2.1,2.1,INVASIVES,
R034BY109UT,POTENTIAL,2.1,2.1,ANNUAL NON-NATIVES,PRESENT
R034BY109UT,POTENTIAL,2.2,2.2,SHADSCALE,
R034BY109UT,POTENTIAL,2.2,2.2,SHRUB,OTHER
R034BY109UT,POTENTIAL,2.2,2.2,ACHY,
R034BY109UT,POTENTIAL,2.2,2.2,PG,OTHER
R034BY109UT,POTENTIAL,2.2,2.2,ANNUAL NON-NATIVES,PRESENT
R034BY109UT,POTENTIAL,2.3,2.3,SHADSCALE,
R034BY109UT,POTENTIAL,2.3,2.3,SHRUB,SPROUTING
R034BY109UT,POTENTIAL,2.3,2.3,ACHY,
R034BY109UT,POTENTIAL,2.3,2.3,PG,OTHER
R034BY109UT,POTENTIAL,2.3,2.3,ANNUAL NON-NATIVES,PRESENT
R034BY109UT,SHRUB,3.1,3.1,SHADSCALE,
R034BY109UT,SHRUB,3.1,3.1,BUD SAGEBRUSH,
R034BY109UT,SHRUB,3.1,3.1,SHRUB,OTHER
R034BY109UT,SHRUB,3.1,3.1,ANNUAL NON-NATIVES,PRESENT
R034BY109UT,SHRUB,3.1,3.1,DESIREABLE SPECIES,TRACE
R034BY109UT,ANNUAL ,4.1,4.1,HALOGETON,
R034BY109UT,ANNUAL ,4.1,4.1,CHEATGRASS,
R034BY109UT,ANNUAL ,4.1,4.1,ANNUAL NON-NATIVES,OTHER
R034BY109UT,ANNUAL ,4.1,4.1,SHADSCALE,
R034BY109UT,ANNUAL ,4.1,4.1,RABBITBRUSH,
,,,,,
R034BY106UT,REFERENCE,1.1,1.1,SHADSCALE,
R034BY106UT,REFERENCE,1.1,1.1,BUD SAGEBRUSH,
R034BY106UT,REFERENCE,1.1,1.1,ACHY,
R034BY106UT,REFERENCE,1.2,1.2,SHADSCALE,
R034BY106UT,REFERENCE,1.2,1.2,SHRUB,OTHER
R034BY106UT,REFERENCE,1.2,1.2,ACHY,
R034BY106UT,REFERENCE,1.2,1.2,PG,OTHER
R034BY106UT,POTENTIAL,2.1,2.1,SHADSCALE,
R034BY106UT,POTENTIAL,2.1,2.1,BUD SAGEBRUSH,
R034BY106UT,POTENTIAL,2.1,2.1,ACHY,
R034BY106UT,POTENTIAL,2.1,2.1,ANNUAL NON-NATIVES,PRESENT
R034BY106UT,POTENTIAL,2.2,2.2,SHADSCALE,
R034BY106UT,POTENTIAL,2.2,2.2,SHRUB,OTHER
R034BY106UT,POTENTIAL,2.2,2.2,ACHY,
R034BY106UT,POTENTIAL,2.2,2.2,PG,OTHER
R034BY106UT,POTENTIAL,2.2,2.2,ANNUAL NON-NATIVES,PRESENT
R034BY106UT,POTENTIAL,2.3,2.3,SHADSCALE,
R034BY106UT,POTENTIAL,2.3,2.3,SHRUB,
R034BY106UT,POTENTIAL,2.3,2.3,ACHY,
R034BY106UT,POTENTIAL,2.3,2.3,PG,OTHER
R034BY106UT,POTENTIAL,2.3,2.3,ANNUAL NON-NATIVES,PRESENT
R034BY106UT,SHRUB,3.1,3.1,SHADSCALE,
R034BY106UT,SHRUB,3.1,3.1,BUD SAGEBRUSH,
R034BY106UT,SHRUB,3.1,3.1,SHRUB,
R034BY106UT,SHRUB,3.1,3.1,ANNUAL NON-NATIVES,PRESENT
R034BY106UT,SHRUB,3.1,3.1,DESIREABLE SPECIES,TRACE
R034BY106UT,ANNUAL,4.1,4.1,HALOGETON,
R034BY106UT,ANNUAL,4.1,4.1,CHEATGRASS,
R034BY106UT,ANNUAL,4.1,4.1,ANNUAL NON-NATIVES,OTHER
R034BY106UT,ANNUAL,4.1,4.1,SHADSCALE,
R034BY106UT,ANNUAL,4.1,4.1,RABBITBRUSH,
,,,,,
R036XY287CO,REFERENCE,1.1,PINYON-JUNIPER WOODALND,UTAH JUNIPER,
R036XY287CO,REFERENCE,1.1,PINYON-JUNIPER WOODALND,PINYON,SCATTERED
R036XY287CO,REFERENCE,1.1,PINYON-JUNIPER WOODALND,PG/AG,
R036XY287CO,REFERENCE,1.1,PINYON-JUNIPER WOODALND,PF/AF,
R036XY287CO,REFERENCE,1.1,PINYON-JUNIPER WOODALND,SHRUB,
R036XY287CO,REFERENCE,1.2,MATURE PINYON-JUNIPER WOODLAND,PINYON,CODOMINANT WITH UTAH JUNIPER
R036XY287CO,REFERENCE,1.2,MATURE PINYON-JUNIPER WOODLAND,UTAH JUNIPER,CODOMINANT WITH PINYON
R036XY287CO,REFERENCE,1.2,MATURE PINYON-JUNIPER WOODLAND,PG/AG,
R036XY287CO,REFERENCE,1.2,MATURE PINYON-JUNIPER WOODLAND,PF/AF,
R036XY287CO,REFERENCE,1.2,MATURE PINYON-JUNIPER WOODLAND,SHRUB,
R036XY287CO,REFERENCE,1.3,PERRENIAL SHRUBLAND WITH SCATTERED PG,PG/AG,OTHER
R036XY287CO,REFERENCE,1.3,PERRENIAL SHRUBLAND WITH SCATTERED PG,SHRUB,
R036XY287CO,REFERENCE,1.3,PERRENIAL SHRUBLAND WITH SCATTERED PG,PF/AF,
R036XY287CO,REFERENCE,1.3,PERRENIAL SHRUBLAND WITH SCATTERED PG,UTAH JUNIPER,SCATTERED
R036XY287CO,REFERENCE,1.3,PERRENIAL SHRUBLAND WITH SCATTERED PG,PINYON,SCATTERED
R036XY287CO,POTENTIAL,2.1,PINYON-JUNIPER WOODALND,UTAH JUNIPER,
R036XY287CO,POTENTIAL,2.1,PINYON-JUNIPER WOODALND,PINYON,SCATTERED
R036XY287CO,POTENTIAL,2.1,PINYON-JUNIPER WOODALND,PG/AG,
R036XY287CO,POTENTIAL,2.1,PINYON-JUNIPER WOODALND,PF/AF,
R036XY287CO,POTENTIAL,2.1,PINYON-JUNIPER WOODALND,SHRUB,
R036XY287CO,POTENTIAL,2.1,PINYON-JUNIPER WOODALND,INVASIVES,PRESENT
R036XY287CO,POTENTIAL,2.2,MATURE PINYON-JUNIPER WOODLAND,PINYON,CODOMINANT WITH UTAH JUNIPER
R036XY287CO,POTENTIAL,2.2,MATURE PINYON-JUNIPER WOODLAND,UTAH JUNIPER,CODOMINANT WITH PINYON
R036XY287CO,POTENTIAL,2.2,MATURE PINYON-JUNIPER WOODLAND,PG/AG,
R036XY287CO,POTENTIAL,2.2,MATURE PINYON-JUNIPER WOODLAND,PF/AF,
R036XY287CO,POTENTIAL,2.2,MATURE PINYON-JUNIPER WOODLAND,SHRUB,
R036XY287CO,POTENTIAL,2.2,MATURE PINYON-JUNIPER WOODLAND,INVASIVES,PRESENT
R036XY287CO,POTENTIAL,2.3,PERRENIAL SHRUBLAND WITH SCATTERED PG,PG/AG,OTHER
R036XY287CO,POTENTIAL,2.3,PERRENIAL SHRUBLAND WITH SCATTERED PG,PF/AF,
R036XY287CO,POTENTIAL,2.3,PERRENIAL SHRUBLAND WITH SCATTERED PG,SHRUB,OTHER
R036XY287CO,POTENTIAL,2.3,PERRENIAL SHRUBLAND WITH SCATTERED PG,UTAH JUNIPER,SCATTERED
R036XY287CO,POTENTIAL,2.3,PERRENIAL SHRUBLAND WITH SCATTERED PG,PINYON,SCATTERED
R036XY287CO,POTENTIAL,2.3,PERRENIAL SHRUBLAND WITH SCATTERED PG,INVASIVES,PRESENT
R036XY287CO,INVASIVE,3.1,PJ WOODLAND WITH INVASIVE PLANTS,PJ,
R036XY287CO,INVASIVE,3.1,PJ WOODLAND WITH INVASIVE PLANTS,CHEATGRASS,
R036XY287CO,INVASIVE,3.1,PJ WOODLAND WITH INVASIVE PLANTS,PG/AG,OTHER
R036XY287CO,INVASIVE,3.1,PJ WOODLAND WITH INVASIVE PLANTS,PF/AF,
R036XY287CO,INVASIVE,3.1,PJ WOODLAND WITH INVASIVE PLANTS,SHRUB,
R036XY287CO,INVASIVE,3.1,PJ WOODLAND WITH INVASIVE PLANTS,M/LC/CY,DENSE
R036XY287CO,INVASIVE,3.2,INVASIVE ANNUALS,PJ,
R036XY287CO,INVASIVE,3.2,INVASIVE ANNUALS,CHEATGRASS,
R036XY287CO,INVASIVE,3.2,INVASIVE ANNUALS,PG/AG,SPARSE
R036XY287CO,INVASIVE,3.2,INVASIVE ANNUALS,PF/AF,SPARSE
R036XY287CO,INVASIVE,3.2,INVASIVE ANNUALS,M/LC/CY,DENSE
R036XY287CO,SEEDED,4.1,SEEDED GRASSLAND/SHRUBLAND,PG/AG,SEEDED
R036XY287CO,SEEDED,4.1,SEEDED GRASSLAND/SHRUBLAND,PG/AG,OTHER
R036XY287CO,SEEDED,4.1,SEEDED GRASSLAND/SHRUBLAND,SHRUB,
R036XY287CO,SEEDED,4.1,SEEDED GRASSLAND/SHRUBLAND,PF/AF,
R036XY287CO,SEEDED,4.2,SEEDED WITH PJ,PG/AG,SEEDED
R036XY287CO,SEEDED,4.2,SEEDED WITH PJ,PINYON,SCATTERED
R036XY287CO,SEEDED,4.2,SEEDED WITH PJ,UTAH JUNIPER,SCATTERED
R036XY287CO,SEEDED,4.2,SEEDED WITH PJ,PG/AG,OTHER
R036XY287CO,SEEDED,4.2,SEEDED WITH PJ,SHRUB,
R036XY287CO,SEEDED,4.2,SEEDED WITH PJ,PF/AF,
R034BY104UT,REFERENCE,1.1,1.1,SHADSCALE,
R034BY104UT,REFERENCE,1.1,1.1,BUD SAGEBRUSH,
R034BY104UT,REFERENCE,1.1,1.1,ACHY,
R034BY104UT,REFERENCE,1.2,1.2,SHADSCALE,
R034BY104UT,REFERENCE,1.2,1.2,SHRUB,OTHER
R034BY104UT,REFERENCE,1.2,1.2,ACHY,
R034BY104UT,REFERENCE,1.2,1.2,PG,OTHER
R034BY104UT,POTENTIAL,2.1,2.1,SHADSCALE,
R034BY104UT,POTENTIAL,2.1,2.1,BUD SAGEBRUSH,
R034BY104UT,POTENTIAL,2.1,2.1,ACHY,
R034BY104UT,POTENTIAL,2.1,2.1,ANNUAL NON-NATIVE,PRESENT
R034BY104UT,POTENTIAL,2.2,2.2,SHADSCALE,
R034BY104UT,POTENTIAL,2.2,2.2,SHRUB,OTHER
R034BY104UT,POTENTIAL,2.2,2.2,ACHY,
R034BY104UT,POTENTIAL,2.2,2.2,PG,OTHER
R034BY104UT,POTENTIAL,2.2,2.2,ANNUAL NON-NATIVE,PRESENT
R034BY104UT,POTENTIAL,2.3,2.3,SHADSCALE,
R034BY104UT,POTENTIAL,2.3,2.3,SHRUB,OTHER
R034BY104UT,POTENTIAL,2.3,2.3,ACHY,
R034BY104UT,POTENTIAL,2.3,2.3,PG,OTHER
R034BY104UT,POTENTIAL,2.3,2.3,ANNUAL NON-NATIVE,PRESENT
R034BY104UT,SHRUB,3.1,3.1,SHADSCALE,
R034BY104UT,SHRUB,3.1,3.1,BUD SAGEBRUSH,
R034BY104UT,SHRUB,3.1,3.1,SHRUB,OTHER
R034BY104UT,SHRUB,3.1,3.1,ANNUAL NON-NATIVE,PRESENT
R034BY104UT,SHRUB,3.1,3.1,DESIREABLE SPECIES,TRACE
R034BY104UT,ANNUAL,4.1,4.1,HALOGETON,
R034BY104UT,ANNUAL,4.1,4.1,CHEATGRASS,
R034BY104UT,ANNUAL,4.1,4.1,ANNUAL NON-NATIVE,OTHER
R034BY104UT,ANNUAL,4.1,4.1,SHADSCALE,MINOR
R034BY104UT,ANNUAL,4.1,4.1,RABBITBRUSH,MINOR
R036XY289CO,REFERENCE,1.1,PERRENIAL GRASSLAND/SRUBLAND,ARTRW8,
R036XY289CO,REFERENCE,1.1,PERRENIAL GRASSLAND/SRUBLAND,PASM,
R036XY289CO,REFERENCE,1.1,PERRENIAL GRASSLAND/SRUBLAND,ACHY,
R036XY289CO,REFERENCE,1.1,PERRENIAL GRASSLAND/SRUBLAND,PF/AF,
R036XY289CO,REFERENCE,1.1,PERRENIAL GRASSLAND/SRUBLAND,SHRUB,OTHER
R036XY289CO,REFERENCE,1.2,PERRENIAL GRASSLAND,PASM,
R036XY289CO,REFERENCE,1.2,PERRENIAL GRASSLAND,ACHY,
R036XY289CO,REFERENCE,1.2,PERRENIAL GRASSLAND,PF/AF,
R036XY289CO,REFERENCE,1.2,PERRENIAL GRASSLAND,SHRUB,OTHER
R036XY289CO,REFERENCE,1.3,PERRENIAL SHRUBLAND,ARTRW8,
R036XY289CO,REFERENCE,1.3,PERRENIAL SHRUBLAND,CHVI8,
R036XY289CO,REFERENCE,1.3,PERRENIAL SHRUBLAND,PASM,
R036XY289CO,REFERENCE,1.3,PERRENIAL SHRUBLAND,PG/AG,OTHER
R036XY289CO,REFERENCE,1.3,PERRENIAL SHRUBLAND,PF/AF,
R036XY289CO,REFERENCE,1.3,PERRENIAL SHRUBLAND,SHRUB,OTHER
R036XY289CO,POTENTIAL,2.1,PERRENIAL GRASSLAND/SHRUBLAND,ARTRW8,
R036XY289CO,POTENTIAL,2.1,PERRENIAL GRASSLAND/SHRUBLAND,PASM,
R036XY289CO,POTENTIAL,2.1,PERRENIAL GRASSLAND/SHRUBLAND,ACHY,
R036XY289CO,POTENTIAL,2.1,PERRENIAL GRASSLAND/SHRUBLAND,PF/AF,
R036XY289CO,POTENTIAL,2.1,PERRENIAL GRASSLAND/SHRUBLAND,SHRUB,OTHER
R036XY289CO,POTENTIAL,2.1,PERRENIAL GRASSLAND/SHRUBLAND,INVASIVES,PRESENT
R036XY289CO,POTENTIAL,2.2,PERRENIAL GRASSLAND,PASM,
R036XY289CO,POTENTIAL,2.2,PERRENIAL GRASSLAND,ACHY,
R036XY289CO,POTENTIAL,2.2,PERRENIAL GRASSLAND,PF/AF,
R036XY289CO,POTENTIAL,2.2,PERRENIAL GRASSLAND,SHRUB,OTHER
R036XY289CO,POTENTIAL,2.3,PERRENIAL SHRUBLAND,ARTRW8,
R036XY289CO,POTENTIAL,2.3,PERRENIAL SHRUBLAND,CHVI8,
R036XY289CO,POTENTIAL,2.3,PERRENIAL SHRUBLAND,PASM,
R036XY289CO,POTENTIAL,2.3,PERRENIAL SHRUBLAND,PG/AG,
R036XY289CO,POTENTIAL,2.3,PERRENIAL SHRUBLAND,PF/AF,
R036XY289CO,POTENTIAL,2.3,PERRENIAL SHRUBLAND,SHRUB,OTHER
R036XY289CO,POTENTIAL,2.3,PERRENIAL SHRUBLAND,INVASIVES,PRESENT
R036XY289CO,PINYON-JUNIPER STATE,3.1,PJ WITH UNDERSTORY,PIED,
R036XY289CO,PINYON-JUNIPER STATE,3.1,PJ WITH UNDERSTORY,JUOS,
R036XY289CO,PINYON-JUNIPER STATE,3.1,PJ WITH UNDERSTORY,ARTRW8,
R036XY289CO,PINYON-JUNIPER STATE,3.1,PJ WITH UNDERSTORY,PG ,
R036XY289CO,PINYON-JUNIPER STATE,3.1,PJ WITH UNDERSTORY,AF/PF,
R036XY289CO,PINYON-JUNIPER STATE,3.1,PJ WITH UNDERSTORY,SHRUB,
R036XY289CO,PINYON-JUNIPER STATE,3.2,PJ WOODLAND,ARTRW8,
R036XY289CO,PINYON-JUNIPER STATE,3.2,PJ WOODLAND,JUOS,IN PATCHES
R036XY289CO,PINYON-JUNIPER STATE,3.2,PJ WOODLAND,PG,SPARSE
R036XY289CO,PINYON-JUNIPER STATE,3.2,PJ WOODLAND,PF ,SPARSE
R036XY289CO,SEEDED,4.1,SEEDED GRASSLAND,PG/AG,SEEDED
R036XY289CO,SEEDED,4.1,SEEDED GRASSLAND,PG/AG,OTHER
R036XY289CO,SEEDED,4.1,SEEDED GRASSLAND,SHRUB,
R036XY289CO,SEEDED,4.1,SEEDED GRASSLAND,PF/AF,
R036XY289CO,SEEDED,4.2,SEEDED GRASSLAND/SHRUBLAND,PG/AG,SEEDED
R036XY289CO,SEEDED,4.2,SEEDED GRASSLAND/SHRUBLAND,ARTRW8,
R036XY289CO,SEEDED,4.2,SEEDED GRASSLAND/SHRUBLAND,SHRUB,OTHER
R036XY289CO,SEEDED,4.2,SEEDED GRASSLAND/SHRUBLAND,PG/AG,
R036XY289CO,SEEDED,4.2,SEEDED GRASSLAND/SHRUBLAND,PF/AF,
R036XY289CO,SEEDED,4.3,SEEDED SHRUBLAND,ARTRW8,
R036XY289CO,SEEDED,4.3,SEEDED SHRUBLAND,PG/AG,SEEDED
R036XY289CO,SEEDED,4.3,SEEDED SHRUBLAND,PG/AG,OTHER
R036XY289CO,SEEDED,4.3,SEEDED SHRUBLAND,SHRUB,
R036XY289CO,SEEDED,4.3,SEEDED SHRUBLAND,PF/AF,
R036XY289CO,SEEDED,4.3,SEEDED SHRUBLAND,JUOS,MAY BE PRESENT
R036XY289CO,SEEDED,4.3,SEEDED SHRUBLAND,PIED,MAY BE PRESENT
R036XY289CO,INVASIVE ANNUAL,5.1,SAGEBRUSH WITH ANNUALS,CHEATGRASS,
R036XY289CO,INVASIVE ANNUAL,5.1,SAGEBRUSH WITH ANNUALS,ARTRT,
R036XY289CO,INVASIVE ANNUAL,5.1,SAGEBRUSH WITH ANNUALS,PG/AG,OTHER
R036XY289CO,INVASIVE ANNUAL,5.1,SAGEBRUSH WITH ANNUALS,PF/AF,
R036XY289CO,INVASIVE ANNUAL,5.1,SAGEBRUSH WITH ANNUALS,SHRUB,OTHER
R036XY289CO,INVASIVE ANNUAL,5.1,SAGEBRUSH WITH ANNUALS,TREES,
R036XY289CO,INVASIVE ANNUAL,5.2,ANNUAL MONOCULTURE,CHEATGRASS,
R036XY289CO,INVASIVE ANNUAL,5.2,ANNUAL MONOCULTURE,AF ,
R036XY289CO,INVASIVE ANNUAL,5.2,ANNUAL MONOCULTURE,RABBITBRUSH,
R036XY289CO,INVASIVE ANNUAL,5.2,ANNUAL MONOCULTURE,PG/AG,OTHER
R036XY326CO,REFERENCE,1.1,PERRENIAL SHRUBLAND/GRASSLAND,ARTRW8,
R036XY326CO,REFERENCE,1.1,PERRENIAL SHRUBLAND/GRASSLAND,HECO26,
R036XY326CO,REFERENCE,1.1,PERRENIAL SHRUBLAND/GRASSLAND,PG/AG,OTHER
R036XY326CO,REFERENCE,1.1,PERRENIAL SHRUBLAND/GRASSLAND,SHRUB,
R036XY326CO,REFERENCE,1.1,PERRENIAL SHRUBLAND/GRASSLAND,PF/AF,
R036XY326CO,REFERENCE,1.2,PERRENIAL GRASSLAND,HECO26,
R036XY326CO,REFERENCE,1.2,PERRENIAL GRASSLAND,GALLETA,
R036XY326CO,REFERENCE,1.2,PERRENIAL GRASSLAND,ACHY,
R036XY326CO,REFERENCE,1.2,PERRENIAL GRASSLAND,PG/AG,OTHER
R036XY326CO,REFERENCE,1.2,PERRENIAL GRASSLAND,SHRUB,
R036XY326CO,REFERENCE,1.2,PERRENIAL GRASSLAND,PF/AF,
R036XY326CO,REFERENCE,1.3,PERRENIAL SHRUBLAND ,HECO26,
R036XY326CO,REFERENCE,1.3,PERRENIAL SHRUBLAND ,SNAKEWEED,
R036XY326CO,REFERENCE,1.3,PERRENIAL SHRUBLAND ,ACHY,
R036XY326CO,REFERENCE,1.3,PERRENIAL SHRUBLAND ,GALLETA,
R036XY326CO,REFERENCE,1.3,PERRENIAL SHRUBLAND ,ARTRW8,
R036XY326CO,REFERENCE,1.3,PERRENIAL SHRUBLAND ,PG/AG,OTHER
R036XY326CO,REFERENCE,1.3,PERRENIAL SHRUBLAND ,SHRUB,OTHER
R036XY326CO,REFERENCE,1.3,PERRENIAL SHRUBLAND ,PF/AF,
R036XY326CO,POTENTIAL,2.1,PERRENIAL SHRUBLAND/GRASSLAND,ARTRW8,
R036XY326CO,POTENTIAL,2.1,PERRENIAL SHRUBLAND/GRASSLAND,HECO26,
R036XY326CO,POTENTIAL,2.1,PERRENIAL SHRUBLAND/GRASSLAND,ACHY,
R036XY326CO,POTENTIAL,2.1,PERRENIAL SHRUBLAND/GRASSLAND,GALLETA,
R036XY326CO,POTENTIAL,2.1,PERRENIAL SHRUBLAND/GRASSLAND,PG/AG,OTHER
R036XY326CO,POTENTIAL,2.1,PERRENIAL SHRUBLAND/GRASSLAND,SHRUB,
R036XY326CO,POTENTIAL,2.1,PERRENIAL SHRUBLAND/GRASSLAND,PF/AF,
R036XY326CO,POTENTIAL,2.1,PERRENIAL SHRUBLAND/GRASSLAND,INVASIVES,PRESENT
R036XY326CO,POTENTIAL,2.2,PERRENIAL GRASSLAND,HECO26,
R036XY326CO,POTENTIAL,2.2,PERRENIAL GRASSLAND,GALLETA,
R036XY326CO,POTENTIAL,2.2,PERRENIAL GRASSLAND,ACHY,
R036XY326CO,POTENTIAL,2.2,PERRENIAL GRASSLAND,PG/AG,OTHER
R036XY326CO,POTENTIAL,2.2,PERRENIAL GRASSLAND,SHRUB,
R036XY326CO,POTENTIAL,2.2,PERRENIAL GRASSLAND,PF/AF,
R036XY326CO,POTENTIAL,2.2,PERRENIAL GRASSLAND,INVASIVES,PRESENT
R036XY326CO,POTENTIAL,2.3,PERRENIAL SHRUBLAND,ARTRW8,
R036XY326CO,POTENTIAL,2.3,PERRENIAL SHRUBLAND,SNAKEWEED,
R036XY326CO,POTENTIAL,2.3,PERRENIAL SHRUBLAND,ACHY,
R036XY326CO,POTENTIAL,2.3,PERRENIAL SHRUBLAND,GALLETA,
R036XY326CO,POTENTIAL,2.3,PERRENIAL SHRUBLAND,PG/AG,OTHER
R036XY326CO,POTENTIAL,2.3,PERRENIAL SHRUBLAND,SHRUB,OTHER
R036XY326CO,POTENTIAL,2.3,PERRENIAL SHRUBLAND,PF/AF,
R036XY326CO,POTENTIAL,2.4,PJ ENCROACHED SHRUBLAND,ARTRW8,
R036XY326CO,POTENTIAL,2.4,PJ ENCROACHED SHRUBLAND,UTAH JUNIPER,
R036XY326CO,POTENTIAL,2.4,PJ ENCROACHED SHRUBLAND,PG/AG,
R036XY326CO,POTENTIAL,2.4,PJ ENCROACHED SHRUBLAND,SHRUB,OTHER
R036XY326CO,POTENTIAL,2.4,PJ ENCROACHED SHRUBLAND,PF/AF,
R036XY326CO,POTENTIAL,2.4,PJ ENCROACHED SHRUBLAND,INVASIVES,PRESENT
R036XY326CO,DEPAUPERATE,3.1,DEPAUPERATE SHRUBLAND,ARTRW8,DOMINATES
R036XY326CO,DEPAUPERATE,3.1,DEPAUPERATE SHRUBLAND,SNAKEWEED,ABUNDANT
R036XY326CO,DEPAUPERATE,3.1,DEPAUPERATE SHRUBLAND,PG ,SPARSE
R036XY326CO,DEPAUPERATE,3.1,DEPAUPERATE SHRUBLAND,PF ,SPARSE
R036XY326CO,DEPAUPERATE,3.2,DEPAUPERATE ENCROACHED SHRUBLAND,ARTRW8,DOMINATES
R036XY326CO,DEPAUPERATE,3.2,DEPAUPERATE ENCROACHED SHRUBLAND,UTAH JUNIPER,ABUNDANT IN PATCHES
R036XY326CO,DEPAUPERATE,3.2,DEPAUPERATE ENCROACHED SHRUBLAND,PG,SPARSE
R036XY326CO,DEPAUPERATE,3.2,DEPAUPERATE ENCROACHED SHRUBLAND,PF,SPARSE
R036XY326CO,JUNIPER ENCROACHMENT,4.1,JUNIPER ENCROACHEMENT,UTAH JUNIPER,CODOMINANT
R036XY326CO,JUNIPER ENCROACHMENT,4.1,JUNIPER ENCROACHEMENT,SAGEBRUSH,SPARSE
R036XY326CO,JUNIPER ENCROACHMENT,4.1,JUNIPER ENCROACHEMENT,PG,
R036XY326CO,JUNIPER ENCROACHMENT,4.1,JUNIPER ENCROACHEMENT,PG,
R036XY326CO,INVASIVE ANNUAL,5.1,SAGEBRUSH WITH ANNUALS,CHEATGRASS,
R036XY326CO,INVASIVE ANNUAL,5.1,SAGEBRUSH WITH ANNUALS,BIG SAGEBRUSH,
R036XY326CO,INVASIVE ANNUAL,5.1,SAGEBRUSH WITH ANNUALS,PG/AG,OTHER
R036XY326CO,INVASIVE ANNUAL,5.1,SAGEBRUSH WITH ANNUALS,PF/AF,
R036XY326CO,INVASIVE ANNUAL,5.1,SAGEBRUSH WITH ANNUALS,SHRUB,
R036XY326CO,INVASIVE ANNUAL,5.1,SAGEBRUSH WITH ANNUALS,TREE,
R036XY326CO,INVASIVE ANNUAL,5.2,ANNUAL MONOCULTURE,CHEATGRASS,
R036XY326CO,INVASIVE ANNUAL,5.2,ANNUAL MONOCULTURE,AF,
R036XY326CO,INVASIVE ANNUAL,5.2,ANNUAL MONOCULTURE,RABBITBRUSH,
R036XY326CO,INVASIVE ANNUAL,5.2,ANNUAL MONOCULTURE,PG/AG,OTHER
R036XY326CO,SEEDED,6.1,SEEDED GRASSLAND,PG/AG,SEEDED
R036XY326CO,SEEDED,6.1,SEEDED GRASSLAND,PG/AG,OTHER
R036XY326CO,SEEDED,6.1,SEEDED GRASSLAND,SHRUB,
R036XY326CO,SEEDED,6.1,SEEDED GRASSLAND,PF/AF,
R036XY326CO,SEEDED,6.2,SEEDED GRASSLAND/SHRUBLAND,PG/AG,SEEDED
R036XY326CO,SEEDED,6.2,SEEDED GRASSLAND/SHRUBLAND,ARTRW8,
R036XY326CO,SEEDED,6.2,SEEDED GRASSLAND/SHRUBLAND,SHRUB,OTHER
R036XY326CO,SEEDED,6.2,SEEDED GRASSLAND/SHRUBLAND,PG/AG,
R036XY326CO,SEEDED,6.2,SEEDED GRASSLAND/SHRUBLAND,PF/AF,
R036XY326CO,SEEDED,6.3,SEEDED SHRUBLAND,ARTRW8,
R036XY326CO,SEEDED,6.3,SEEDED SHRUBLAND,PG/AG,SEEDED
R036XY326CO,SEEDED,6.3,SEEDED SHRUBLAND,PG/AG,OTHER
R036XY326CO,SEEDED,6.3,SEEDED SHRUBLAND,SHRUB,
R036XY326CO,SEEDED,6.3,SEEDED SHRUBLAND,PF/AF,
R036XY326CO,SEEDED,6.3,SEEDED SHRUBLAND,UTAH JUNIPER,MAY BE PRESENT
R036XY326CO,SEEDED,6.3,SEEDED SHRUBLAND,PINYON,MAY BE PRESENT
R034BY322UT,REFERENCE,1.1,OPEN CANOPY,PIED,
R034BY322UT,REFERENCE,1.1,OPEN CANOPY,JUOS,
R034BY322UT,REFERENCE,1.1,OPEN CANOPY,CEMO2,
R034BY322UT,REFERENCE,1.1,OPEN CANOPY,ARNO4,
R034BY322UT,REFERENCE,1.1,OPEN CANOPY,PG,
R034BY322UT,REFERENCE,1.1,OPEN CANOPY,SHRUB,OTHER
R034BY322UT,REFERENCE,1.1,OPEN CANOPY,PF/AF,
R034BY322UT,REFERENCE,1.2,CLOSED CANOPY,PIED,
R034BY322UT,REFERENCE,1.2,CLOSED CANOPY,JUOS,
R034BY322UT,REFERENCE,1.2,CLOSED CANOPY,CEMO2,
R034BY322UT,REFERENCE,1.2,CLOSED CANOPY,ARNO4,
R034BY322UT,REFERENCE,1.2,CLOSED CANOPY,PG,REDUCED
R034BY322UT,REFERENCE,1.2,CLOSED CANOPY,SHRUB,OTHER
R034BY322UT,REFERENCE,1.2,CLOSED CANOPY,PF/AF,REDUCED
R034BY322UT,POTENTIAL,2.1,OPEN CANOPY,PIED,
R034BY322UT,POTENTIAL,2.1,OPEN CANOPY,JUOS,
R034BY322UT,POTENTIAL,2.1,OPEN CANOPY,CEMO2,
R034BY322UT,POTENTIAL,2.1,OPEN CANOPY,ARNO4,
R034BY322UT,POTENTIAL,2.1,OPEN CANOPY,PG,
R034BY322UT,POTENTIAL,2.1,OPEN CANOPY,PF/AF,
R034BY322UT,POTENTIAL,2.1,OPEN CANOPY,SHRUB,OTHER
R034BY322UT,POTENTIAL,2.2,CLOSED CANOPY,PIED,
R034BY322UT,POTENTIAL,2.2,CLOSED CANOPY,JUOS,
R034BY322UT,POTENTIAL,2.2,CLOSED CANOPY,CEMO2,
R034BY322UT,POTENTIAL,2.2,CLOSED CANOPY,ARNO4,
R034BY322UT,POTENTIAL,2.2,CLOSED CANOPY,PG,REDUCED
R034BY322UT,POTENTIAL,2.2,CLOSED CANOPY,SHRUB,OTHER
R034BY322UT,POTENTIAL,2.2,CLOSED CANOPY,AF/PF,REDUCED
R034BY112UT,REFERENCE,1.1,DESERT GRASSLAND/SHRUBLAND,ACHY,
R034BY112UT,REFERENCE,1.1,DESERT GRASSLAND/SHRUBLAND,GALLETA,
R034BY112UT,REFERENCE,1.1,DESERT GRASSLAND/SHRUBLAND,FOURWING SALTBUSH,
R034BY112UT,REFERENCE,1.1,DESERT GRASSLAND/SHRUBLAND,PG,OTHER
R034BY112UT,REFERENCE,1.1,DESERT GRASSLAND/SHRUBLAND,PF/AF,
R034BY112UT,REFERENCE,1.2,DESERT GRASSLAND ,ACHY,
R034BY112UT,REFERENCE,1.2,DESERT GRASSLAND ,GALLETA,
R034BY112UT,REFERENCE,1.2,DESERT GRASSLAND ,PG,OTHER
R034BY112UT,REFERENCE,1.2,DESERT GRASSLAND ,PF/AF,
R034BY112UT,REFERENCE,1.3,DESERT SHRUBLAND,FOURWING SALTBUSH,
R034BY112UT,REFERENCE,1.3,DESERT SHRUBLAND,ACHY,
R034BY112UT,REFERENCE,1.3,DESERT SHRUBLAND,GALLETA,
R034BY112UT,REFERENCE,1.3,DESERT SHRUBLAND,PG,OTHER
R034BY112UT,REFERENCE,1.3,DESERT SHRUBLAND,PF/AF,
R034BY112UT,POTENTIAL,2.1,DESERT GRASSLAND/SHRUBLAND,ACHY,
R034BY112UT,POTENTIAL,2.1,DESERT GRASSLAND/SHRUBLAND,GALLETA,
R034BY112UT,POTENTIAL,2.1,DESERT GRASSLAND/SHRUBLAND,FOURWING SALTBUSH,
R034BY112UT,POTENTIAL,2.1,DESERT GRASSLAND/SHRUBLAND,PG,OTHER
R034BY112UT,POTENTIAL,2.1,DESERT GRASSLAND/SHRUBLAND,PF/AF,
R034BY112UT,POTENTIAL,2.1,DESERT GRASSLAND/SHRUBLAND,NON-NATIVE,PRESENT
R034BY112UT,POTENTIAL,2.2,DESERT GRASSLAND,ACHY,
R034BY112UT,POTENTIAL,2.2,DESERT GRASSLAND,GALLETA,
R034BY112UT,POTENTIAL,2.2,DESERT GRASSLAND,PG,OTHER
R034BY112UT,POTENTIAL,2.2,DESERT GRASSLAND,PF/AF,
R034BY112UT,POTENTIAL,2.2,DESERT GRASSLAND,NON-NATIVE,PRESENT
R034BY112UT,POTENTIAL,2.3,DESERT SHRUBLAND,FOURWING SALTBUSH,
R034BY112UT,POTENTIAL,2.3,DESERT SHRUBLAND,ACHY,
R034BY112UT,POTENTIAL,2.3,DESERT SHRUBLAND,GALLETA,
R034BY112UT,POTENTIAL,2.3,DESERT SHRUBLAND,PG,OTHER
R034BY112UT,POTENTIAL,2.3,DESERT SHRUBLAND,PF/AF,
R034BY112UT,POTENTIAL,2.3,DESERT SHRUBLAND,NON-NATIVE,PRESENT
R034BY112UT,DISTURBED,3.1,DISTURBED GRASSLAND/SHRUBLAND,BROOMSNAKEWEED,
R034BY112UT,DISTURBED,3.1,DISTURBED GRASSLAND/SHRUBLAND,INVASIVE FORBS,
R034BY112UT,DISTURBED,3.1,DISTURBED GRASSLAND/SHRUBLAND,INVASIVE GRASSES,
R034BY112UT,ANNUAL GRASS,4.1,CHEATGRASS DOMINATED,CHEATGRASS,
R034BY112UT,ANNUAL GRASS,4.1,CHEATGRASS DOMINATED,ACHY,
R034BY112UT,ANNUAL GRASS,4.1,CHEATGRASS DOMINATED,GALLETA,
R034BY112UT,ANNUAL GRASS,4.1,CHEATGRASS DOMINATED,FOURWING SALTBUSH,
R034BY112UT,ANNUAL GRASS,4.1,CHEATGRASS DOMINATED,PF/AF,
R034BY112UT,ANNUAL GRASS,4.1,CHEATGRASS DOMINATED,INVASIVE FORBS,
R034BY112UT,ANNUAL GRASS,4.2,CHEATGRASS MONOCULTURE,CHEATGRASS,
R034BY112UT,ANNUAL GRASS,4.2,CHEATGRASS MONOCULTURE,INVASIVE ANNUAL FORBS,
R036XY111CO,REFERENCE,1.1,PINYON-JUNIPER WOODLAND,UTAH JUNIPER,
R036XY111CO,REFERENCE,1.1,PINYON-JUNIPER WOODLAND,PINYON,SCATTERED
R036XY111CO,REFERENCE,1.1,PINYON-JUNIPER WOODLAND,PG/AG,
R036XY111CO,REFERENCE,1.1,PINYON-JUNIPER WOODLAND,PF/AF,
R036XY111CO,REFERENCE,1.1,PINYON-JUNIPER WOODLAND,SHRUB,
R036XY111CO,REFERENCE,1.2,MATURE PINYON-JUNIPER WOODLAND,PINYON,CODOMINANT WITH UTAH JUNIPER
R036XY111CO,REFERENCE,1.2,MATURE PINYON-JUNIPER WOODLAND,UTAH JUNIPER,CODOMINANT WITH PINYON
R036XY111CO,REFERENCE,1.2,MATURE PINYON-JUNIPER WOODLAND,PG/AG,
R036XY111CO,REFERENCE,1.2,MATURE PINYON-JUNIPER WOODLAND,PF/AF,
R036XY111CO,REFERENCE,1.2,MATURE PINYON-JUNIPER WOODLAND,SHRUB,
R036XY111CO,REFERENCE,1.3,PERRENIAL SHRUBLAND WITH SCATTERED PJ,PG/AG,OTHER
R036XY111CO,REFERENCE,1.3,PERRENIAL SHRUBLAND WITH SCATTERED PJ,SHRUB,
R036XY111CO,REFERENCE,1.3,PERRENIAL SHRUBLAND WITH SCATTERED PJ,PF/AF,
R036XY111CO,REFERENCE,1.3,PERRENIAL SHRUBLAND WITH SCATTERED PJ,UTAH JUNIPER,SCATTERED
R036XY111CO,REFERENCE,1.3,PERRENIAL SHRUBLAND WITH SCATTERED PJ,PINYON,SCATTERED
R036XY111CO,POTENTIAL,2.1,PINYON-JUNIPER WOODLAND,UTAH JUNIPER,
R036XY111CO,POTENTIAL,2.1,PINYON-JUNIPER WOODLAND,PINYON,SCATTERED
R036XY111CO,POTENTIAL,2.1,PINYON-JUNIPER WOODLAND,PG/AG,
R036XY111CO,POTENTIAL,2.1,PINYON-JUNIPER WOODLAND,PF/AF,
R036XY111CO,POTENTIAL,2.1,PINYON-JUNIPER WOODLAND,SHRUB,
R036XY111CO,POTENTIAL,2.1,PINYON-JUNIPER WOODLAND,INVASIVES,PRESENT
R036XY111CO,POTENTIAL,2.2,MATURE PINYON-JUNIPER WOODLAND,PINYON,CODOMINANT WITH UTAH JUNIPER
R036XY111CO,POTENTIAL,2.2,MATURE PINYON-JUNIPER WOODLAND,UTAH JUNIPER,CODOMINANT WITH PINYON
R036XY111CO,POTENTIAL,2.2,MATURE PINYON-JUNIPER WOODLAND,PG/AG,
R036XY111CO,POTENTIAL,2.2,MATURE PINYON-JUNIPER WOODLAND,PF/AF,
R036XY111CO,POTENTIAL,2.2,MATURE PINYON-JUNIPER WOODLAND,SHRUB,
R036XY111CO,POTENTIAL,2.2,MATURE PINYON-JUNIPER WOODLAND,INVASIVES,PRESENT
R036XY111CO,POTENTIAL,2.3,PERRENIAL SHRUBLAND WITH SCATTERED PJ,PG/AG,OTHER
R036XY111CO,POTENTIAL,2.3,PERRENIAL SHRUBLAND WITH SCATTERED PJ,PF/AF,
R036XY111CO,POTENTIAL,2.3,PERRENIAL SHRUBLAND WITH SCATTERED PJ,SHRUB,
R036XY111CO,POTENTIAL,2.3,PERRENIAL SHRUBLAND WITH SCATTERED PJ,UTAH JUNIPER,SCATTERED
R036XY111CO,POTENTIAL,2.3,PERRENIAL SHRUBLAND WITH SCATTERED PJ,PINYON,SCATTERED
R036XY111CO,POTENTIAL,2.3,PERRENIAL SHRUBLAND WITH SCATTERED PJ,INVASIVES,PRESENT
R036XY111CO,INVASIVE,3.1,PJ WOODLAND WITH INVASIVE PLANTS,PJ,
R036XY111CO,INVASIVE,3.1,PJ WOODLAND WITH INVASIVE PLANTS,CHEATGRASS,
R036XY111CO,INVASIVE,3.1,PJ WOODLAND WITH INVASIVE PLANTS,PG/AG,OTHER
R036XY111CO,INVASIVE,3.1,PJ WOODLAND WITH INVASIVE PLANTS,PF/AF,
R036XY111CO,INVASIVE,3.1,PJ WOODLAND WITH INVASIVE PLANTS,SHRUB,
R036XY111CO,INVASIVE,3.1,PJ WOODLAND WITH INVASIVE PLANTS,M/LC/CY,DENSE
R036XY111CO,INVASIVE,3.2,INVASIVE ANNUALS,PJ,
R036XY111CO,INVASIVE,3.2,INVASIVE ANNUALS,CHEATGRASS,
R036XY111CO,INVASIVE,3.2,INVASIVE ANNUALS,SHRUB,
R036XY111CO,INVASIVE,3.2,INVASIVE ANNUALS,PG ,SPARSE
R036XY111CO,INVASIVE,3.2,INVASIVE ANNUALS,PF ,SPARSE
R036XY111CO,INVASIVE,3.2,INVASIVE ANNUALS,M/LC/CY,DENSE
R036XY111CO,SEEDED,4.1,SEEDED GRASSLAND/SHRUBLAND,PG/AG,SEEDED
R036XY111CO,SEEDED,4.1,SEEDED GRASSLAND/SHRUBLAND,PG/AG,OTHER
R036XY111CO,SEEDED,4.1,SEEDED GRASSLAND/SHRUBLAND,SHRUB,
R036XY111CO,SEEDED,4.1,SEEDED GRASSLAND/SHRUBLAND,PF/AF,
R036XY111CO,SEEDED,4.2,SEEDED WITH PJ,PG/AG,SEEDED
R036XY111CO,SEEDED,4.2,SEEDED WITH PJ,PINYON,SCATTERED
R036XY111CO,SEEDED,4.2,SEEDED WITH PJ,UTAH JUNIPER,SCATTERED
R036XY111CO,SEEDED,4.2,SEEDED WITH PJ,PG/AG,OTHER
R036XY111CO,SEEDED,4.2,SEEDED WITH PJ,SHRUB,
R036XY111CO,SEEDED,4.2,SEEDED WITH PJ,PF/AF,
R036XY445CO,REFERENCE,1.1,PINYON-JUNIPER WOODLAND,UTAH JUNIPER,
R036XY445CO,REFERENCE,1.1,PINYON-JUNIPER WOODLAND,PINYON,SCATTERED
R036XY445CO,REFERENCE,1.1,PINYON-JUNIPER WOODLAND,PG/AG,
R036XY445CO,REFERENCE,1.1,PINYON-JUNIPER WOODLAND,PF/AF,
R036XY445CO,REFERENCE,1.1,PINYON-JUNIPER WOODLAND,SH,
R036XY445CO,REFERENCE,1.2,MATURE PINYON-JUNIPER WOODLAND,PINYON,CODEPENDANT WITH UTAH JUNIPER
R036XY445CO,REFERENCE,1.2,MATURE PINYON-JUNIPER WOODLAND,UTAH JUNIPER,CODEPENDANT WITH PINYON
R036XY445CO,REFERENCE,1.2,MATURE PINYON-JUNIPER WOODLAND,PG/AG,
R036XY445CO,REFERENCE,1.2,MATURE PINYON-JUNIPER WOODLAND,PF/AF,
R036XY445CO,REFERENCE,1.2,MATURE PINYON-JUNIPER WOODLAND,SH,
R036XY445CO,REFERENCE,1.3,PERENNAIL SHRUBLAND WITH SCATTERED PJ,PG/AG,OTHER
R036XY445CO,REFERENCE,1.3,PERENNAIL SHRUBLAND WITH SCATTERED PJ,SH,
R036XY445CO,REFERENCE,1.3,PERENNAIL SHRUBLAND WITH SCATTERED PJ,PF/AF,
R036XY445CO,REFERENCE,1.3,PERENNAIL SHRUBLAND WITH SCATTERED PJ,UTAH JUNIPER,SCATTERED
R036XY445CO,REFERENCE,1.3,PERENNAIL SHRUBLAND WITH SCATTERED PJ,PINYON,SCATTERED
R036XY445CO,POTENTIAL,2.1,PINYON-JUNIPER WOODLAND,UTAH JUNIPER,
R036XY445CO,POTENTIAL,2.1,PINYON-JUNIPER WOODLAND,PINYON,SCATTERED
R036XY445CO,POTENTIAL,2.1,PINYON-JUNIPER WOODLAND,PG/AG,
R036XY445CO,POTENTIAL,2.1,PINYON-JUNIPER WOODLAND,PF/AF,
R036XY445CO,POTENTIAL,2.1,PINYON-JUNIPER WOODLAND,SH,
R036XY445CO,POTENTIAL,2.1,PINYON-JUNIPER WOODLAND,INVASIVES,PRESENT
R036XY445CO,POTENTIAL,2.2,MATURE PINYON-JUNIPER WOODLAND,PINYON,CODOMINANT WITH UTAH JUNIPER
R036XY445CO,POTENTIAL,2.2,MATURE PINYON-JUNIPER WOODLAND,UTAH JUNIPER,CODOMINANT WITH PINYON
R036XY445CO,POTENTIAL,2.2,MATURE PINYON-JUNIPER WOODLAND,PG/AG,
R036XY445CO,POTENTIAL,2.2,MATURE PINYON-JUNIPER WOODLAND,PF/AF,
R036XY445CO,POTENTIAL,2.2,MATURE PINYON-JUNIPER WOODLAND,SH,
R036XY445CO,POTENTIAL,2.2,MATURE PINYON-JUNIPER WOODLAND,INVASIVES,PRESENT
R036XY445CO,POTENTIAL,2.3,PERENNAIL SHRUBLAND WITH SCATTERED PJ,PG/AG,OTHER
R036XY445CO,POTENTIAL,2.3,PERENNAIL SHRUBLAND WITH SCATTERED PJ,PF/AF,
R036XY445CO,POTENTIAL,2.3,PERENNAIL SHRUBLAND WITH SCATTERED PJ,SH,
R036XY445CO,POTENTIAL,2.3,PERENNAIL SHRUBLAND WITH SCATTERED PJ,UTAH JUNIPER,SCATTERED
R036XY445CO,POTENTIAL,2.3,PERENNAIL SHRUBLAND WITH SCATTERED PJ,PINYON,SCATTERED
R036XY445CO,POTENTIAL,2.3,PERENNAIL SHRUBLAND WITH SCATTERED PJ,INVASIVES,PRESENT
R036XY445CO,INVASIVE,3.1,PJ WOODLAND WITH INVASIVE PLANTS,PINYON,
R036XY445CO,INVASIVE,3.1,PJ WOODLAND WITH INVASIVE PLANTS,UTAH JUNIPER,
R036XY445CO,INVASIVE,3.1,PJ WOODLAND WITH INVASIVE PLANTS,CHEATGRASS,
R036XY445CO,INVASIVE,3.1,PJ WOODLAND WITH INVASIVE PLANTS,PG/AG,OTHER
R036XY445CO,INVASIVE,3.1,PJ WOODLAND WITH INVASIVE PLANTS,PF/AF,
R036XY445CO,INVASIVE,3.1,PJ WOODLAND WITH INVASIVE PLANTS,SH,
R036XY445CO,INVASIVE,3.1,PJ WOODLAND WITH INVASIVE PLANTS,M/LC/CY,DENSE
R036XY445CO,INVASIVE,3.2,INVASIVE ANNUALS,PINYON,
R036XY445CO,INVASIVE,3.2,INVASIVE ANNUALS,UTAH JUNIPER,
R036XY445CO,INVASIVE,3.2,INVASIVE ANNUALS,CHEATGRASS,
R036XY445CO,INVASIVE,3.2,INVASIVE ANNUALS,SH,
R036XY445CO,INVASIVE,3.2,INVASIVE ANNUALS,PG/AG,SPARSE
R036XY445CO,INVASIVE,3.2,INVASIVE ANNUALS,PF/AF,SPARSE
R036XY445CO,INVASIVE,3.2,INVASIVE ANNUALS,M/LC/CY,DENSE
R036XY445CO,SEEDED,4.1,SEEDED GRASSLAND/SHRUBLAND,PG/AG,SEEDED
R036XY445CO,SEEDED,4.1,SEEDED GRASSLAND/SHRUBLAND,PG/AG,OTHER
R036XY445CO,SEEDED,4.1,SEEDED GRASSLAND/SHRUBLAND,SH,
R036XY445CO,SEEDED,4.1,SEEDED GRASSLAND/SHRUBLAND,PF/AF,
R036XY445CO,SEEDED,4.2,SEEDED WITH PJ,PG/AG,SEEDED
R036XY445CO,SEEDED,4.2,SEEDED WITH PJ,PINYON,SCATTERED
R036XY445CO,SEEDED,4.2,SEEDED WITH PJ,UTAH JUNIPER,SCATTERED
R036XY445CO,SEEDED,4.2,SEEDED WITH PJ,PG/AG,OTHER
R036XY445CO,SEEDED,4.2,SEEDED WITH PJ,PF/AF,
R036XY110CO,REFERENCE ,1.1,PINYON-JUNIPER WOODLAND,UTAH JUNIPER ,
R036XY110CO,REFERENCE ,1.1,PINYON-JUNIPER WOODLAND,PINYON,SCATTERED
R036XY110CO,REFERENCE ,1.1,PINYON-JUNIPER WOODLAND,PG/AG,
R036XY110CO,REFERENCE ,1.1,PINYON-JUNIPER WOODLAND,PF/AF,
R036XY110CO,REFERENCE ,1.1,PINYON-JUNIPER WOODLAND,SHRUB,
R036XY110CO,REFERENCE ,1.2,MATURE PINYON-JUNIPER WOODLAND ,PINYON,CODOMINANT
R036XY110CO,REFERENCE ,1.2,MATURE PINYON-JUNIPER WOODLAND ,UTAH JUNIPER ,CODOMINANT
R036XY110CO,REFERENCE ,1.2,MATURE PINYON-JUNIPER WOODLAND ,PG/AG,
R036XY110CO,REFERENCE ,1.2,MATURE PINYON-JUNIPER WOODLAND ,PF/AF,
R036XY110CO,REFERENCE ,1.2,MATURE PINYON-JUNIPER WOODLAND ,SHRUB,
R036XY110CO,REFERENCE ,1.3,PERENNIAL SHRUBLAND WITH SCATTERED PJ,PG/AG,OTHER
R036XY110CO,REFERENCE ,1.3,PERENNIAL SHRUBLAND WITH SCATTERED PJ,SHRUB,OTHER
R036XY110CO,REFERENCE ,1.3,PERENNIAL SHRUBLAND WITH SCATTERED PJ,PF/AF,OTHER
R036XY110CO,REFERENCE ,1.3,PERENNIAL SHRUBLAND WITH SCATTERED PJ,UTAH JUNIPER ,SCATTERED/STARTING TO REESTABLISH
R036XY110CO,REFERENCE ,1.3,PERENNIAL SHRUBLAND WITH SCATTERED PJ,PINYON,SCATTERED/STARTING TO REESTABLISH
R036XY110CO,POTENTIAL,2.1,PINYON-JUNIPER WOODLAND,UTAH JUNIPER ,
R036XY110CO,POTENTIAL,2.1,PINYON-JUNIPER WOODLAND,PINYON,SCATTERED
R036XY110CO,POTENTIAL,2.1,PINYON-JUNIPER WOODLAND,PG/AG,
R036XY110CO,POTENTIAL,2.1,PINYON-JUNIPER WOODLAND,PF/AF,
R036XY110CO,POTENTIAL,2.1,PINYON-JUNIPER WOODLAND,SHRUB,
R036XY110CO,POTENTIAL,2.1,PINYON-JUNIPER WOODLAND,NOXIOUS,PRESENT
R036XY110CO,POTENTIAL,2.2,MATURE PINYON-JUNIPER WOODLAND ,PINYON,CODOMINANT
R036XY110CO,POTENTIAL,2.2,MATURE PINYON-JUNIPER WOODLAND ,UTAH JUNIPER ,CODOMINANT
R036XY110CO,POTENTIAL,2.2,MATURE PINYON-JUNIPER WOODLAND ,PG/AG,
R036XY110CO,POTENTIAL,2.2,MATURE PINYON-JUNIPER WOODLAND ,PF/AF,
R036XY110CO,POTENTIAL,2.2,MATURE PINYON-JUNIPER WOODLAND ,SHRUB,
R036XY110CO,POTENTIAL,2.2,MATURE PINYON-JUNIPER WOODLAND ,NOXIOUS,PRESENT
R036XY110CO,POTENTIAL,2.3,PERENNIAL SHRUBLAND WITH SCATTERED PJ,PG/AG,OTHER
R036XY110CO,POTENTIAL,2.3,PERENNIAL SHRUBLAND WITH SCATTERED PJ,PF/AF,OTHER
R036XY110CO,POTENTIAL,2.3,PERENNIAL SHRUBLAND WITH SCATTERED PJ,SHRUB,OTHER
R036XY110CO,POTENTIAL,2.3,PERENNIAL SHRUBLAND WITH SCATTERED PJ,UTAH JUNIPER ,SCATTERED/STARTING TO REESTABLISH
R036XY110CO,POTENTIAL,2.3,PERENNIAL SHRUBLAND WITH SCATTERED PJ,PINYON,SCATTERED/STARTING TO REESTABLISH
R036XY110CO,POTENTIAL,2.3,PERENNIAL SHRUBLAND WITH SCATTERED PJ,NOXIOUS,PRESENT
R036XY110CO,PINYON-JUNIPER INVASIVE ,3.1,PJ WOODLAND WITH INVASIVE PLANTS,PINYON,
R036XY110CO,PINYON-JUNIPER INVASIVE ,3.1,PJ WOODLAND WITH INVASIVE PLANTS,UTAH JUNIPER,
R036XY110CO,PINYON-JUNIPER INVASIVE ,3.1,PJ WOODLAND WITH INVASIVE PLANTS,CHEATGRASS,
R036XY110CO,PINYON-JUNIPER INVASIVE ,3.1,PJ WOODLAND WITH INVASIVE PLANTS,PG/AG,OTHER
R036XY110CO,PINYON-JUNIPER INVASIVE ,3.1,PJ WOODLAND WITH INVASIVE PLANTS,PF/AF,
R036XY110CO,PINYON-JUNIPER INVASIVE ,3.1,PJ WOODLAND WITH INVASIVE PLANTS,SHRUB,
R036XY110CO,PINYON-JUNIPER INVASIVE ,3.1,PJ WOODLAND WITH INVASIVE PLANTS,M/LC/CY,POSSIBLE
R036XY110CO,PINYON-JUNIPER INVASIVE ,3.2,INVASIVE ANNUAL,PINYON,
R036XY110CO,PINYON-JUNIPER INVASIVE ,3.2,INVASIVE ANNUAL,UTAH JUNIPER,
R036XY110CO,PINYON-JUNIPER INVASIVE ,3.2,INVASIVE ANNUAL,CHEATGRASS,
R036XY110CO,PINYON-JUNIPER INVASIVE ,3.2,INVASIVE ANNUAL,SHRUB,
R036XY110CO,PINYON-JUNIPER INVASIVE ,3.2,INVASIVE ANNUAL,PG ,SPARSE/ABSENT
R036XY110CO,PINYON-JUNIPER INVASIVE ,3.2,INVASIVE ANNUAL,PF ,SPARSE/ABSENT
R036XY110CO,PINYON-JUNIPER INVASIVE ,3.2,INVASIVE ANNUAL,M/LC/CY,
R036XY110CO,SEEDED,4.1,SEEDED GRASSLAND/SCRUBLAND,PG/AG,SEEDED
R036XY110CO,SEEDED,4.1,SEEDED GRASSLAND/SCRUBLAND,PG/AG,OTHER
R036XY110CO,SEEDED,4.1,SEEDED GRASSLAND/SCRUBLAND,SHRUB,
R036XY110CO,SEEDED,4.1,SEEDED GRASSLAND/SCRUBLAND,PF/AF,
R036XY325CO,REFERENCE,1.1,PERENNIAL SHRUBLAND/GRASSLAND,,
R036XY325CO,REFERENCE,1.1,PERENNIAL SHRUBLAND/GRASSLAND,ARTRW8,
R036XY325CO,REFERENCE,1.1,PERENNIAL SHRUBLAND/GRASSLAND,PG/AG,
R036XY325CO,REFERENCE,1.1,PERENNIAL SHRUBLAND/GRASSLAND,SHRUBS,
R036XY325CO,REFERENCE,1.1,PERENNIAL SHRUBLAND/GRASSLAND,PF/AF,
R036XY325CO,DEDPAUPERATE STATE,3.1,DEPAUPERATE SHRUBLAND,ARTRW8,DOMINANT
R036XY325CO,DEDPAUPERATE STATE,3.1,DEPAUPERATE SHRUBLAND,SNAKEWEED,
R036XY325CO,DEDPAUPERATE STATE,3.1,DEPAUPERATE SHRUBLAND,PG,SPARSE/ABSENT
R036XY325CO,DEDPAUPERATE STATE,3.1,DEPAUPERATE SHRUBLAND,PF/AF,SPARSE/ABSENT
R036XY325CO,REFERENCE,1.1,PINYON-JUNIPER WOODLAND,UTAH JUNIPER,
R036XY325CO,REFERENCE,1.1,PINYON-JUNIPER WOODLAND,PINYON JUNIPER,SCATTERED
R036XY325CO,REFERENCE,1.1,PINYON-JUNIPER WOODLAND,PG/AG,
R036XY325CO,REFERENCE,1.1,PINYON-JUNIPER WOODLAND,PF/AF,
R036XY325CO,REFERENCE,1.1,PINYON-JUNIPER WOODLAND,SHRUB,
R036XY325CO,REFERENCE,1.2,MATURE PINYON-JUNIPER WOODLAND,PINYON JUNIPER,
R036XY325CO,REFERENCE,1.2,MATURE PINYON-JUNIPER WOODLAND,UTAH JUNIPER,
R036XY325CO,REFERENCE,1.2,MATURE PINYON-JUNIPER WOODLAND,PG/AG,
R036XY325CO,REFERENCE,1.2,MATURE PINYON-JUNIPER WOODLAND,PF/AF,
R036XY325CO,REFERENCE,1.2,MATURE PINYON-JUNIPER WOODLAND,SHRUB,
R036XY325CO,REFERENCE,1.3,PERENNIAL SHRUBLAND WITH SCATTERED PJ,PG/AG,
R036XY325CO,REFERENCE,1.3,PERENNIAL SHRUBLAND WITH SCATTERED PJ,SHRUB,
R036XY325CO,REFERENCE,1.3,PERENNIAL SHRUBLAND WITH SCATTERED PJ,FORB,
R036XY325CO,REFERENCE,1.3,PERENNIAL SHRUBLAND WITH SCATTERED PJ,UTAH JUNIPER,SCATTERED
R036XY325CO,REFERENCE,1.3,PERENNIAL SHRUBLAND WITH SCATTERED PJ,PINYON JUNIPER,SCATTERED
R036XY284CO,REFERENCE,1.1,PERENNIAL SHRUBLAND/GRASSLAND,ARTW8,
R036XY284CO,REFERENCE,1.1,PERENNIAL SHRUBLAND/GRASSLAND,MUTTONGRASS,
R036XY284CO,REFERENCE,1.1,PERENNIAL SHRUBLAND/GRASSLAND,WESTERN WHEATGRASS,
R036XY284CO,REFERENCE,1.1,PERENNIAL SHRUBLAND/GRASSLAND,PF/AF,
R036XY284CO,REFERENCE,1.1,PERENNIAL SHRUBLAND/GRASSLAND,SHRUB,
,,,,,
R036XY287CO,REFERENCE,1.3,PERENNIAL SHRUBLAND WITH SCATTERED PJ,GRASS,
R036XY287CO,REFERENCE,1.3,PERENNIAL SHRUBLAND WITH SCATTERED PJ,SHRUB,
R036XY287CO,REFERENCE,1.3,PERENNIAL SHRUBLAND WITH SCATTERED PJ,PF/AF,
R036XY287CO,REFERENCE,1.3,PERENNIAL SHRUBLAND WITH SCATTERED PJ,UTAH JUNIPER,SCATTERED AND REESTABLISHING
R036XY287CO,REFERENCE,1.3,PERENNIAL SHRUBLAND WITH SCATTERED PJ,PINYON JUNIPER,SCATTERED AND REESTABLISHING
,,,,,
R036XY326CO,REFERENCE,1.1,PERENNIAL SHRUBLAND/GRASSLAND,ARTRW8,
R036XY326CO,REFERENCE,1.1,PERENNIAL SHRUBLAND/GRASSLAND,HECO26,
R036XY326CO,REFERENCE,1.1,PERENNIAL SHRUBLAND/GRASSLAND,PG/AG,
R036XY326CO,REFERENCE,1.1,PERENNIAL SHRUBLAND/GRASSLAND,SHRUB,
R036XY326CO,REFERENCE,1.1,PERENNIAL SHRUBLAND/GRASSLAND,PF/AF,
,,,,,
R035XY413CO,REFERENCE,1.1,BASIN BIG SAGEBRUSH,WESTERN WHEATGRASS,
R035XY413CO,REFERENCE,1.1,BASIN BIG SAGEBRUSH,MUTTONGRASS,
R035XY413CO,REFERENCE,1.1,BASIN BIG SAGEBRUSH,BASIN BIG SAGEBRUSH,
,,,,,
R036XY110CO,REFERENCE,1.1,PINYON JUNIPER WOODLAND,UTAH JUNIPER,
R036XY110CO,REFERENCE,1.1,PINYON JUNIPER WOODLAND,PINYON JUNIPER,SCATTERED
R036XY110CO,REFERENCE,1.1,PINYON JUNIPER WOODLAND,PG/AG,
R036XY110CO,REFERENCE,1.1,PINYON JUNIPER WOODLAND,PF/AF,
R036XY110CO,REFERENCE,1.1,PINYON JUNIPER WOODLAND,SHRUB,
R036XY110CO,REFERENCE,1.3,PERENNIAL SHRUBLAND WITH SCATTERED PJ,GRASSES,
R036XY110CO,REFERENCE,1.3,PERENNIAL SHRUBLAND WITH SCATTERED PJ,SHRUB,
R036XY110CO,REFERENCE,1.3,PERENNIAL SHRUBLAND WITH SCATTERED PJ,PF/AF,
R036XY110CO,REFERENCE,1.3,PERENNIAL SHRUBLAND WITH SCATTERED PJ,UTAH JUNIPER,
R036XY110CO,REFERENCE,1.3,PERENNIAL SHRUBLAND WITH SCATTERED PJ,PINYON JUNIPER,SCATTERED AND REESTABLISHING
,,,,,
R036XY111CO,REFERENCE,1.1,PINYON-JUNIPER WOODLAND,UTAH JUNIPER,
R036XY111CO,REFERENCE,1.1,PINYON-JUNIPER WOODLAND,PINYON JUNIPER,SCATTERED
R036XY111CO,REFERENCE,1.1,PINYON-JUNIPER WOODLAND,PG/AG,
R036XY111CO,REFERENCE,1.1,PINYON-JUNIPER WOODLAND,PF/AF,
R036XY111CO,REFERENCE,1.1,PINYON-JUNIPER WOODLAND,SHRUB,
R036XY111CO,REFERENCE,1.3,PERENNIAL SHRUBLAND WITH SCATTERED PJ,PG/AG,
R036XY111CO,REFERENCE,1.3,PERENNIAL SHRUBLAND WITH SCATTERED PJ,SHRUB,
R036XY111CO,REFERENCE,1.3,PERENNIAL SHRUBLAND WITH SCATTERED PJ,PF/AF,
R036XY111CO,REFERENCE,1.3,PERENNIAL SHRUBLAND WITH SCATTERED PJ,UTAH JUNIPER,SCATTERED AND REESTABLISHING
R036XY111CO,REFERENCE,1.3,PERENNIAL SHRUBLAND WITH SCATTERED PJ,PINYON JUNIPER,
,,,,,
R036XY289CO,REFERENCE,1.1,PERENNIAL SHRUBLAND/GRASSLAND,ARTRW8,
R036XY289CO,REFERENCE,1.1,PERENNIAL SHRUBLAND/GRASSLAND,WESTERN WHEATGRASS,
R036XY289CO,REFERENCE,1.1,PERENNIAL SHRUBLAND/GRASSLAND,INDIAN RICEGRASS,
R036XY289CO,REFERENCE,1.1,PERENNIAL SHRUBLAND/GRASSLAND,PF/AF,
R036XY289CO,REFERENCE,1.1,PERENNIAL SHRUBLAND/GRASSLAND,SHRUBS,
,,,,,
R036XY328CO,REFERENCE,1.1,PERENNIAL SHRUBLAND/GRASSLAND,ARTRW8,
R036XY328CO,REFERENCE,1.1,PERENNIAL SHRUBLAND/GRASSLAND,PG/AG,
R036XY328CO,REFERENCE,1.1,PERENNIAL SHRUBLAND/GRASSLAND,SHRUBS,
R036XY328CO,REFERENCE,1.1,PERENNIAL SHRUBLAND/GRASSLAND,PF/AF,
,,,,,
R036XY346CO,REFERENCE,1.3,PERENNIAL SHRUBLAND,WESTERN WHEATGRASS,
R036XY346CO,REFERENCE,1.3,PERENNIAL SHRUBLAND,INDIAN RICEGRASS,
R036XY346CO,REFERENCE,1.3,PERENNIAL SHRUBLAND,MUTTONGRASS,
R036XY346CO,REFERENCE,1.3,PERENNIAL SHRUBLAND,SQUIRRELTAIL,
R036XY346CO,REFERENCE,1.3,PERENNIAL SHRUBLAND,PF/AF,
R036XY346CO,REFERENCE,1.3,PERENNIAL SHRUBLAND,SHRUBS,
R036XY346CO,REFERENCE,1.3,PERENNIAL SHRUBLAND,PINYON-JUNIPER,SCATTERED
,,,,,
R036XY347CO,REFERENCE,1.1,PERENNIAL SHRUBLAND/GRASSLAND,BASIN BIG SAGEBRUSH,
R036XY347CO,REFERENCE,1.1,PERENNIAL SHRUBLAND/GRASSLAND,WESTERN WHEATGRASS,
R036XY347CO,REFERENCE,1.1,PERENNIAL SHRUBLAND/GRASSLAND,INDIAN RICEGRASS,
R036XY347CO,REFERENCE,1.1,PERENNIAL SHRUBLAND/GRASSLAND,BLUE GRAMA,
R036XY347CO,REFERENCE,1.1,PERENNIAL SHRUBLAND/GRASSLAND,PF/AF,
R036XY347CO,REFERENCE,1.1,PERENNIAL SHRUBLAND/GRASSLAND,SHRUBS,
,,,,,
R036XY405CO,REFERENCE,1.1,BASIN BIG SAGEBRUSH,WESTERN WHEATGRASS,
R036XY405CO,REFERENCE,1.1,BASIN BIG SAGEBRUSH,MUTTONGRASS,
R036XY405CO,REFERENCE,1.1,BASIN BIG SAGEBRUSH,BASIN BIG SAGEBRUSH,
,,,,,
R036XY445CO,REFERENCE,1.1,PINYON-JUNIPER WOODLAND,UTAH JUNIPER,
R036XY445CO,REFERENCE,1.1,PINYON-JUNIPER WOODLAND,PINYON JUNIPER,SCATTERED
R036XY445CO,REFERENCE,1.1,PINYON-JUNIPER WOODLAND,PG/AG,
R036XY445CO,REFERENCE,1.1,PINYON-JUNIPER WOODLAND,PF/AF,
R036XY445CO,REFERENCE,1.1,PINYON-JUNIPER WOODLAND,SHRUBS,
,,,,,
R036XY038CO,REFERENCE,1.1,GRASS MEADOW,WESTERN WHEATGRASS,
R036XY038CO,REFERENCE,1.1,GRASS MEADOW,BASIN WILDRYE,
R036XY038CO,REFERENCE,1.1,GRASS MEADOW,NEBRASKA SEDGE,
R036XY038CO,REFERENCE,1.1,GRASS MEADOW,RUSHES,
,,,,,
R036XY266CO,REFERENCE,1.1,GRASS MEADOW,ALKALI SACATON,
R036XY266CO,REFERENCE,1.1,GRASS MEADOW,WESTERN WHEATGRASS,
R036XY266CO,REFERENCE,1.1,GRASS MEADOW,SALTGRASS,
R036XY266CO,REFERENCE,1.1,GRASS MEADOW,SEDGES,
R036XY266CO,REFERENCE,1.1,GRASS MEADOW,RUSHES,
,,,,,
R036XY325CO,REFERENCE,1.1,PERENNIAL SHRUBLAND/GRASSLAND,ARTRW8,
R036XY325CO,REFERENCE,1.1,PERENNIAL SHRUBLAND/GRASSLAND,PG/AG,
R036XY325CO,REFERENCE,1.1,PERENNIAL SHRUBLAND/GRASSLAND,SHRUB,
R036XY325CO,REFERENCE,1.1,PERENNIAL SHRUBLAND/GRASSLAND,PF/AF,
,,,,,
R036XY325CO,DEPAUPERATE STATE,3.1,DEPAUPERATE SHRUBLAND,ARTRW8,DOMINANT
R036XY325CO,DEPAUPERATE STATE,3.1,DEPAUPERATE SHRUBLAND,SNAKEWEED,OCCASIONALLY ABUNDANT
R036XY325CO,DEPAUPERATE STATE,3.1,DEPAUPERATE SHRUBLAND,PERENNIAL GRASS,SPARSE/ABSENT
R036XY325CO,DEPAUPERATE STATE,3.1,DEPAUPERATE SHRUBLAND,PERENNIAL FORB,SPARSE/ABSENT
,,,,,
R034BY104UT,REFERENCE,1.1,1.1,SHADCALE,
R034BY104UT,REFERENCE,1.1,1.1,BUD SAGEBRUSH,
R034BY104UT,REFERENCE,1.1,1.1,INDIAN RICEGRASS,DOMINANT
,,,,,
R034BY212UT,REFERENCE,1.1,1.1,ARTRW8,
R034BY212UT,REFERENCE,1.1,1.1,PERENNIAL HERBS,
,,,,,
R034BY202UT,REFERENCE,1.1,SHRUBLAND AND GRASSES,GALLETA,
R034BY202UT,REFERENCE,1.1,SHRUBLAND AND GRASSES,TORREY MORMONTEA,
,,,,,
R034BY227UT,REFERENCE,1.1,1.1,BLACK SAGEBRUSH,
R034BY227UT,REFERENCE,1.1,1.1,BUNCH GRASSES,SPARSE
R034BY227UT,REFERENCE,1.1,1.1,PERENNIAL FORBS,SPARSE
,,,,,
R034BY240UT,REFERENCE,1.1,1.1,INDIAN RICEGRASS,DOMINANT
R034BY240UT,REFERENCE,1.1,1.1,WINTERFAT,
R034BY240UT,REFERENCE,1.1,1.1,BOTTLEBRUSH SQUIRRELTAIL,
R034BY240UT,REFERENCE,1.1,1.1,SHRUBS,SUB-DOMINANT
,,,,,
R034BY247UT,REFEENCE,1.1,PINYON-JUNIPER WOODLAND,UTAH JUNIPER,
R034BY247UT,REFEENCE,1.1,PINYON-JUNIPER WOODLAND,PINYON JUNIPER,SCATTERED
R034BY247UT,REFEENCE,1.1,PINYON-JUNIPER WOODLAND,PG/AG,
R034BY247UT,REFEENCE,1.1,PINYON-JUNIPER WOODLAND,PF/AF,
R034BY247UT,REFEENCE,1.1,PINYON-JUNIPER WOODLAND,SHRUBS,
,,,,,
R034BY205UT,REFERENCE,1.1,1.1,ARTRW8,
R034BY205UT,REFERENCE,1.1,1.1,PERENNIAL GRASS,NATIVE
R034BY205UT,REFERENCE,1.1,1.1,PERENNIAL FORB,NATIVE
,,,,,
R034BY248UT,REFERENCE,1.1,1.1,SALINA WILDRYE,
,,,,,
R034BY233UT,REFERENCE,1.1,PINYON-JUNIPER WOODLAND,UTAH JUNIPER,
R034BY233UT,REFERENCE,1.1,PINYON-JUNIPER WOODLAND,PINYON JUNIPER,SCATTERED
R034BY233UT,REFERENCE,1.1,PINYON-JUNIPER WOODLAND,PG/AG,
R034BY233UT,REFERENCE,1.1,PINYON-JUNIPER WOODLAND,PF/AF,
R034BY233UT,REFERENCE,1.1,PINYON-JUNIPER WOODLAND,SHRUBS,
,,,,,
R034BY206UT,REFERENCE,1.1,1.1,ARTRW8,
R034BY206UT,REFERENCE,1.1,1.1,PERENNIAL GRASS,NATIVE
R034BY206UT,REFERENCE,1.1,1.1,PERENNIAL FORB,NATIVE
,,,,,
R034BY251UT,REFERENCE,1.1,1.1,SALINA WILDRYE,
,,,,,
R036XY325CO,REFERENCE,1.1,PERENNIAL SHRUBLAND/GRASSLAND,ARTRW8,
R036XY325CO,REFERENCE,1.1,PERENNIAL SHRUBLAND/GRASSLAND,PG/AG,
R036XY325CO,REFERENCE,1.1,PERENNIAL SHRUBLAND/GRASSLAND,SHRUBS,
R036XY325CO,REFERENCE,1.1,PERENNIAL SHRUBLAND/GRASSLAND,PF/AF,
R036XY325CO,DEPAUPERATE STATE,3.1,DEPAUPERATE SHRUBLAND,ARTRW8,DOMINANT
R036XY325CO,DEPAUPERATE STATE,3.1,DEPAUPERATE SHRUBLAND,SNAKEWEED,ABUNDANT
R036XY325CO,DEPAUPERATE STATE,3.1,DEPAUPERATE SHRUBLAND,PERENNIAL GRASS,SPARSE/ABSENT
R036XY325CO,DEPAUPERATE STATE,3.1,DEPAUPERATE SHRUBLAND,PERENNIAL FOBR,SPARSE/ABSENT
,,,,,
R036XY114CO,REFERENCE,1.1,PINYON-JUNIPER WOODLAND,UTAH JUNIPER,
R036XY114CO,REFERENCE,1.1,PINYON-JUNIPER WOODLAND,PINYON JUNIPER,SCATTERED
R036XY114CO,REFERENCE,1.1,PINYON-JUNIPER WOODLAND,PG/AG,
R036XY114CO,REFERENCE,1.1,PINYON-JUNIPER WOODLAND,PF/AF,
R036XY114CO,REFERENCE,1.1,PINYON-JUNIPER WOODLAND,SHRUBS,
R036XY114CO,REFERENCE,1.2,MATURE PINYON-JUNIPER WOODLAND,PINYON JUNIPER,CO-DOMINANT
R036XY114CO,REFERENCE,1.2,MATURE PINYON-JUNIPER WOODLAND,UTAH JUNIPER,CO-DOMINANT
R036XY114CO,REFERENCE,1.2,MATURE PINYON-JUNIPER WOODLAND,PG/AG,
R036XY114CO,REFERENCE,1.2,MATURE PINYON-JUNIPER WOODLAND,PF/AF,
R036XY114CO,REFERENCE,1.2,MATURE PINYON-JUNIPER WOODLAND,SHRUBS,
R036XY114CO,REFERENCE,1.3,PERENNIAL SHRUBLAND WITH SCATTERED PJ,OTHER GRASSES,
R036XY114CO,REFERENCE,1.3,PERENNIAL SHRUBLAND WITH SCATTERED PJ,SHRUBS,
R036XY114CO,REFERENCE,1.3,PERENNIAL SHRUBLAND WITH SCATTERED PJ,PF/AF,
R036XY114CO,REFERENCE,1.3,PERENNIAL SHRUBLAND WITH SCATTERED PJ,UTAH JUNIPER,SCATTERED/REESTABLISHING
R036XY114CO,REFERENCE,1.3,PERENNIAL SHRUBLAND WITH SCATTERED PJ,PINYON JUNIPER,SCATTERED/REESTABLISHING
,,,,,
R036XY113CO,REFERENCE,1.3,PERENNIAL SHRUBLAND WITH SCATTERED PJ,OTHER GRASSES,
R036XY113CO,REFERENCE,1.3,PERENNIAL SHRUBLAND WITH SCATTERED PJ,SHRUBS,
R036XY113CO,REFERENCE,1.3,PERENNIAL SHRUBLAND WITH SCATTERED PJ,FORBS,
R036XY113CO,REFERENCE,1.3,PERENNIAL SHRUBLAND WITH SCATTERED PJ,UTAH JUNIPER,
R036XY113CO,REFERENCE,1.3,PERENNIAL SHRUBLAND WITH SCATTERED PJ,PINYON JUNIPER,SCATTERED/REESTABLISHING
,,,,,
R036XY284CO,REFERENCE,1.1,PERENNIAL SHRUBLAND/GRASSLAND,ARTRW8,
R036XY284CO,REFERENCE,1.1,PERENNIAL SHRUBLAND/GRASSLAND,MUTTONGRASS,
R036XY284CO,REFERENCE,1.1,PERENNIAL SHRUBLAND/GRASSLAND,WESTERN WHEATGRASS,
R036XY284CO,REFERENCE,1.1,PERENNIAL SHRUBLAND/GRASSLAND,PF/AF,
R036XY284CO,REFERENCE,1.1,PERENNIAL SHRUBLAND/GRASSLAND,SHRUBS,
,,,,,
R036XY287CO,REFERENCE,1.3,PERENNIAL SHRUBLAND WITH SCATTERED PJ,OTHER GRASSES,
R036XY287CO,REFERENCE,1.3,PERENNIAL SHRUBLAND WITH SCATTERED PJ,SHRUBS,
R036XY287CO,REFERENCE,1.3,PERENNIAL SHRUBLAND WITH SCATTERED PJ,PF/AF,
R036XY287CO,REFERENCE,1.3,PERENNIAL SHRUBLAND WITH SCATTERED PJ,UTAH JUNIPER,REESTABLISHING
R036XY287CO,REFERENCE,1.3,PERENNIAL SHRUBLAND WITH SCATTERED PJ,PINYON JUNIPER,REESTABLISHING
,,,,,
R036XY111CO,REFERENCE,1.1,PINYON-JUNIPER WOODLAND,UTAH JUNIPER,
R036XY111CO,REFERENCE,1.1,PINYON-JUNIPER WOODLAND,PINYON JUNIPER,SCATTERED
R036XY111CO,REFERENCE,1.1,PINYON-JUNIPER WOODLAND,PG/AG,
R036XY111CO,REFERENCE,1.1,PINYON-JUNIPER WOODLAND,PF/AF,
R036XY111CO,REFERENCE,1.3,PERENNIAL SHRUBLAND WITH SCATTERED PJ,OTHER GRASSES,
R036XY111CO,REFERENCE,1.3,PERENNIAL SHRUBLAND WITH SCATTERED PJ,SHRUBS,
R036XY111CO,REFERENCE,1.3,PERENNIAL SHRUBLAND WITH SCATTERED PJ,PF/AF,
R036XY111CO,REFERENCE,1.3,PERENNIAL SHRUBLAND WITH SCATTERED PJ,UTAH JUNIPER,SCATTERED/REESTABLISHING
R036XY111CO,REFERENCE,1.3,PERENNIAL SHRUBLAND WITH SCATTERED PJ,PINYON JUNIPER,SCATTERED/REESTABLISHING
,,,,,
R036XY289CO,REFERENCE,1.1,PERENNIAL SHRUBLAND/GRASSLAND,WYOMING BIG SAGE,
R036XY289CO,REFERENCE,1.1,PERENNIAL SHRUBLAND/GRASSLAND,WESTERN WHEATGRASS,
R036XY289CO,REFERENCE,1.1,PERENNIAL SHRUBLAND/GRASSLAND,INDIAN RICEGRASS,
R036XY289CO,REFERENCE,1.1,PERENNIAL SHRUBLAND/GRASSLAND,PF/AF,
R036XY289CO,REFERENCE,1.1,PERENNIAL SHRUBLAND/GRASSLAND,SHRUBS,
,,,,,
R036XY110CO,REFERENCE,1.1,PINYON-JUNIPER WOODLAND,UTAH JUNIPER,
R036XY110CO,REFERENCE,1.1,PINYON-JUNIPER WOODLAND,PINYON JUNIPER,SCATTERED
R036XY110CO,REFERENCE,1.1,PINYON-JUNIPER WOODLAND,GRASSES,
R036XY110CO,REFERENCE,1.1,PINYON-JUNIPER WOODLAND,FORBS,
R036XY110CO,REFERENCE,1.1,PINYON-JUNIPER WOODLAND,SHRUBS,
R036XY110CO,REFERENCE,1.2,MATURE PINYON-JUNIPER WOODLAND,PINYON JUNIPER,CODOMINANT
R036XY110CO,REFERENCE,1.2,MATURE PINYON-JUNIPER WOODLAND,UTAH JUNIPER,CODOMINANT
R036XY110CO,REFERENCE,1.2,MATURE PINYON-JUNIPER WOODLAND,PG/AG,
R036XY110CO,REFERENCE,1.2,MATURE PINYON-JUNIPER WOODLAND,PF/AF,
R036XY110CO,REFERENCE,1.2,MATURE PINYON-JUNIPER WOODLAND,SHRUBS,
R036XY110CO,REFERENCE,1.3,PERENNIAL SHRUBLAND WITH SCATTERED PJ,OTHER GRASSES,
R036XY110CO,REFERENCE,1.3,PERENNIAL SHRUBLAND WITH SCATTERED PJ,SHRUBS,
R036XY110CO,REFERENCE,1.3,PERENNIAL SHRUBLAND WITH SCATTERED PJ,PF/AF,
R036XY110CO,REFERENCE,1.3,PERENNIAL SHRUBLAND WITH SCATTERED PJ,UTAH JUNIPER,SCATTERED/REESTABLISHING
R036XY110CO,REFERENCE,1.3,PERENNIAL SHRUBLAND WITH SCATTERED PJ,PINYON JUNIPER,SCATTERED/REESTABLISHING
,,,,,
R036XY405CO,REFERENCE,1.1,BASIN BIG SAGEBRUSH-GRASS,WESTERN WHEATGRASS,
R036XY405CO,REFERENCE,1.1,BASIN BIG SAGEBRUSH-GRASS,MUTTONGRASS,
R036XY405CO,REFERENCE,1.1,BASIN BIG SAGEBRUSH-GRASS,BASIN BIG SAGEBRUSH,
,,,,,
R036XY326CO,REFERENCE,1.1,PERENNIAL SHRUBLAND/GRASSLAND,ARTRW8,
R036XY326CO,REFERENCE,1.1,PERENNIAL SHRUBLAND/GRASSLAND,NEEDLE AND THREAD,
R036XY326CO,REFERENCE,1.1,PERENNIAL SHRUBLAND/GRASSLAND,OTHER GRASSES,
R036XY326CO,REFERENCE,1.1,PERENNIAL SHRUBLAND/GRASSLAND,SHRUBS,
R036XY326CO,REFERENCE,1.1,PERENNIAL SHRUBLAND/GRASSLAND,PF/AF,
,,,,,
R036XY446CO,REFERENCE,1.1,PINYON-JUNIPER WOODLAND,UTAH JUNIPER,
R036XY446CO,REFERENCE,1.1,PINYON-JUNIPER WOODLAND,PINYON JUNIPER,SCATTERED
R036XY446CO,REFERENCE,1.1,PINYON-JUNIPER WOODLAND,PG/AG,
R036XY446CO,REFERENCE,1.1,PINYON-JUNIPER WOODLAND,PF/AF,
R036XY446CO,REFERENCE,1.1,PINYON-JUNIPER WOODLAND,SHRUBS,
R036XY446CO,REFERENCE,1.2,MATURE PINYON-JUNIPER WOODLAND,PINYON JUNIPER,CODOMINANT
R036XY446CO,REFERENCE,1.2,MATURE PINYON-JUNIPER WOODLAND,UTAH JUNIPER,CODOMINANT
R036XY446CO,REFERENCE,1.2,MATURE PINYON-JUNIPER WOODLAND,PG/AG,
R036XY446CO,REFERENCE,1.2,MATURE PINYON-JUNIPER WOODLAND,PF/AF,
R036XY446CO,REFERENCE,1.2,MATURE PINYON-JUNIPER WOODLAND,SHRUBS,
R036XY446CO,REFERENCE,1.3,PERENNIAL GRASSLAND/SHRUBLAND WITH SCATTERED PJ,OTHER GRASSES,
R036XY446CO,REFERENCE,1.3,PERENNIAL GRASSLAND/SHRUBLAND WITH SCATTERED PJ,SHRUBS,
R036XY446CO,REFERENCE,1.3,PERENNIAL GRASSLAND/SHRUBLAND WITH SCATTERED PJ,PF/AF,
R036XY446CO,REFERENCE,1.3,PERENNIAL GRASSLAND/SHRUBLAND WITH SCATTERED PJ,UTAH JUNIPER,SCATTERED/REESTABNLISHING
R036XY446CO,REFERENCE,1.3,PERENNIAL GRASSLAND/SHRUBLAND WITH SCATTERED PJ,PINYON JUNIPER,SCATTERED/REESTABNLISHING
,,,,,
R036XY142CO,REFERENCE,1.1,PINYON-JUNIPER WOODLAND,UTAH JUNIPER,
R036XY142CO,REFERENCE,1.1,PINYON-JUNIPER WOODLAND,PINYON JUNIPER,SCATTERED
R036XY142CO,REFERENCE,1.1,PINYON-JUNIPER WOODLAND,PG/AG,
R036XY142CO,REFERENCE,1.1,PINYON-JUNIPER WOODLAND,PF/AF,
R036XY142CO,REFERENCE,1.1,PINYON-JUNIPER WOODLAND,SHRUBS,
R036XY142CO,REFERENCE,1.2,MATURE PINYON-JUNIPER WOODLAND,PINYON JUNIPER,CODOMINANT
R036XY142CO,REFERENCE,1.2,MATURE PINYON-JUNIPER WOODLAND,UTAH JUNIPER,CODOMINANT
R036XY142CO,REFERENCE,1.2,MATURE PINYON-JUNIPER WOODLAND,PG/AG,
R036XY142CO,REFERENCE,1.2,MATURE PINYON-JUNIPER WOODLAND,PF/AF,
R036XY142CO,REFERENCE,1.2,MATURE PINYON-JUNIPER WOODLAND,SHRUBS,
R036XY142CO,REFERENCE,1.3,PERENNIAL GRASSLAND/SHRUBLAND WITH SCATTERED PJ,OTHER GRASSES,
R036XY142CO,REFERENCE,1.3,PERENNIAL GRASSLAND/SHRUBLAND WITH SCATTERED PJ,SHRUBS,
R036XY142CO,REFERENCE,1.3,PERENNIAL GRASSLAND/SHRUBLAND WITH SCATTERED PJ,PF/AF,
R036XY142CO,REFERENCE,1.3,PERENNIAL GRASSLAND/SHRUBLAND WITH SCATTERED PJ,UTAH JUNIPER,SCATTERED/REESTABLISHING
R036XY142CO,REFERENCE,1.3,PERENNIAL GRASSLAND/SHRUBLAND WITH SCATTERED PJ,PINYON JUNIPER,SCATTERED/REESTABLISHING
,,,,,
R036XY141CO,REFERENCE,1.1,PINYON-JUNIPER WOODLAND,UTAH JUNIPER,
R036XY141CO,REFERENCE,1.1,PINYON-JUNIPER WOODLAND,PINYON JUNIPER,
R036XY141CO,REFERENCE,1.1,PINYON-JUNIPER WOODLAND,PG/AG,
R036XY141CO,REFERENCE,1.1,PINYON-JUNIPER WOODLAND,PF/AF,
R036XY141CO,REFERENCE,1.1,PINYON-JUNIPER WOODLAND,SHRUBS,
R036XY141CO,REFERENCE,1.2,MATURE PINYON-JUNIPER WOODLAND,PINYON JUNIPER,
R036XY141CO,REFERENCE,1.2,MATURE PINYON-JUNIPER WOODLAND,UTAH JUNIPER,
R036XY141CO,REFERENCE,1.2,MATURE PINYON-JUNIPER WOODLAND,PG/AG,
R036XY141CO,REFERENCE,1.2,MATURE PINYON-JUNIPER WOODLAND,PF/AF,
R036XY141CO,REFERENCE,1.2,MATURE PINYON-JUNIPER WOODLAND,SHRUBS,
R036XY141CO,REFERENCE,1.3,PERENNIAL GRASSLAND/SHRUBLAND WITH SCATTERED PJ,OTHER GRASSES,
R036XY141CO,REFERENCE,1.3,PERENNIAL GRASSLAND/SHRUBLAND WITH SCATTERED PJ,SHRUBS,
R036XY141CO,REFERENCE,1.3,PERENNIAL GRASSLAND/SHRUBLAND WITH SCATTERED PJ,PF/AF,
R036XY141CO,REFERENCE,1.3,PERENNIAL GRASSLAND/SHRUBLAND WITH SCATTERED PJ,UTAH JUNIPER,
R036XY141CO,REFERENCE,1.3,PERENNIAL GRASSLAND/SHRUBLAND WITH SCATTERED PJ,PINYON JUNIPER,
,,,,,
R034BY404CO,REFERENCE,1.1,PERENNIAL GRASS-SHRUBS,GALLETA,
R034BY404CO,REFERENCE,1.1,PERENNIAL GRASS-SHRUBS,INDIAN RICEGRASS,
R034BY404CO,REFERENCE,1.1,PERENNIAL GRASS-SHRUBS,SHADSCALE ,
R034BY404CO,REFERENCE,1.1,PERENNIAL GRASS-SHRUBS,WINTERFAT,
,,,,,
R034BY109UT,REFERENCE,1.1,1.1,SHADSCALE,
R034BY109UT,REFERENCE,1.1,1.1,BUD SAGEBRUSH,DOMINANT
R034BY109UT,REFERENCE,1.1,1.1,INDIAN RICEGRASS,DOMINANT
,,,,,
R034BY117UT,REFERENCE,1.1,PERENNIAL GRASS,MAT SALTBUSH,DOMINANT
R034BY117UT,REFERENCE,1.1,PERENNIAL GRASS,JAMES GALLETA,DOMINANT
R034BY117UT,REFERENCE,1.1,PERENNIAL GRASS,INDIAN RICEGRASS,DOMINANT
R034BY117UT,POTENTIAL,2.1,MAT SALTBUSH/INVASIVE WEED,MAT SALTBUSH,DOMINANT
R034BY117UT,POTENTIAL,2.1,MAT SALTBUSH/INVASIVE WEED,JAMES GALLETA,DOMINANT
R034BY117UT,POTENTIAL,2.1,MAT SALTBUSH/INVASIVE WEED,INDIAN RICEGRASS,DOMINANT
R034BY117UT,POTENTIAL,2.1,MAT SALTBUSH/INVASIVE WEED,INVASIVE SPECIES,PRESENT
R034BY117UT,ANNUAL WEED,3.1,ANNUAL WEEDY HERBACEOUS,MAT SALTBUSH,MOSTLY ABSENT/ABSENT
R034BY117UT,ANNUAL WEED,3.1,ANNUAL WEEDY HERBACEOUS,PG/AG/PF/AF,MOSTLY ABSENT/ABSENT
R034BY117UT,ANNUAL WEED,3.1,ANNUAL WEEDY HERBACEOUS,NOXIOUS,DOMINANT UNDERSTORY
,,,,,
R034BY121UT,REFERENCE,1.1,1.1,SHADSCALE,
R034BY121UT,REFERENCE,1.1,1.1,BUD SAGEBRUSH,DOMINANT
R034BY121UT,REFERENCE,1.1,1.1,INDIAN RICEGRASS,DOMINANT
,,,,,
R034BY322UT,REFERENCE,1.1,1.1,TWO NEEDLE PINYON,OPEN CANOPY
R034BY322UT,REFERENCE,1.1,1.1,ALDERLEAD MT. MAHOGANY,
R034BY322UT,REFERENCE,1.2,1.2,TWO NEEDLE PINYON,CLOSED CANOPY
R034BY322UT,REFERENCE,1.2,1.2,ALDERLEAD MT. MAHOGANY,
R034BY322UT,CURRENT POTENTIAL STATE,2.1,2.1,TWO NEEDLE PINYON,OPEN CANOPY
R034BY322UT,CURRENT POTENTIAL STATE,2.1,2.1,ALDERLEAD MT. MAHOGANY,
R034BY322UT,CURRENT POTENTIAL STATE,2.2,2.2,TWO NEEDLE PINYON,CLOSED CANOPY
R034BY322UT,CURRENT POTENTIAL STATE,2.2,2.2,ALDERLEAD MT. MAHOGANY,
,,,,,
R034BY302UT,REFERENCE,1.1,1.1,BIG SAGEBRUSH,
R034BY302UT,REFERENCE,1.1,1.1,PG/AG,
,,,,,
R034BY112UT,REFERENCE,1.1,DESERT GRASSLAND/SHRUBLAND,INDIAN RICEGRASS,
R034BY112UT,REFERENCE,1.1,DESERT GRASSLAND/SHRUBLAND,GALLETA,
R034BY112UT,REFERENCE,1.1,DESERT GRASSLAND/SHRUBLAND,FOURWING SALTBUSH,
R034BY112UT,REFERENCE,1.1,DESERT GRASSLAND/SHRUBLAND,PERENNIAL GRASS,
R034BY112UT,REFERENCE,1.1,DESERT GRASSLAND/SHRUBLAND,PF/AF,
,,,,,
R034BY115UT,REFERENCE,1.1,DESERT GRASSLAND/SHRUBLAND,INDIAN RICEGRASS,
R034BY115UT,REFERENCE,1.1,DESERT GRASSLAND/SHRUBLAND,GALLETA,
R034BY115UT,REFERENCE,1.1,DESERT GRASSLAND/SHRUBLAND,FOURWING SALTBUSH,
R034BY115UT,REFERENCE,1.1,DESERT GRASSLAND/SHRUBLAND,PERENNIAL GRASS,
R034BY115UT,REFERENCE,1.1,DESERT GRASSLAND/SHRUBLAND,PG/AG,
,,,,,
R042XB036NM,HISTORIC CLIMAX PLANT COMMUNITY,1.1,HISTORIC CLIMAX PLANT COMMUNITY,ALKALI SACATON,
R042XB036NM,HISTORIC CLIMAX PLANT COMMUNITY,1.1,HISTORIC CLIMAX PLANT COMMUNITY,FOURWING SALTBUSH,SCATTERED
R042XB036NM,HISTORIC CLIMAX PLANT COMMUNITY,1.1,HISTORIC CLIMAX PLANT COMMUNITY,IODINEBUSH,SCATTERED
,,,,,
R035XY263UT,REFERENCE,1.1,"TWONEEDLE PINYON, UTAH JUNIPER SHRUBLAND WITH PERENNIAL GRASSES",TWONEEDLE PINYON,SPARSE CANOPY
R035XY263UT,REFERENCE,1.1,"TWONEEDLE PINYON, UTAH JUNIPER SHRUBLAND WITH PERENNIAL GRASSES",UTAH JUNIPER,SPARSE CANOPY
R035XY263UT,REFERENCE,1.1,"TWONEEDLE PINYON, UTAH JUNIPER SHRUBLAND WITH PERENNIAL GRASSES",BIGELOWS SAGEBRUSH,DOMINANT SHRUB
R035XY263UT,REFERENCE,1.1,"TWONEEDLE PINYON, UTAH JUNIPER SHRUBLAND WITH PERENNIAL GRASSES",MORMONTEA,DOMINANT SHRUB
R035XY263UT,REFERENCE,1.1,"TWONEEDLE PINYON, UTAH JUNIPER SHRUBLAND WITH PERENNIAL GRASSES",INDIAN RICEGRASS,30%
R035XY263UT,REFERENCE,1.1,"TWONEEDLE PINYON, UTAH JUNIPER SHRUBLAND WITH PERENNIAL GRASSES",SALINA WILDRYE,30%
R035XY263UT,REFERENCE,1.2,UTAH JUNIPER SHRUBLAND WITH PERENNIAL GRASSES,UTAH JUNIPER,VERY SPARSE
R035XY263UT,REFERENCE,1.2,UTAH JUNIPER SHRUBLAND WITH PERENNIAL GRASSES,TWONEEDLE PINYON,VERY SPARSE
R035XY263UT,REFERENCE,1.2,UTAH JUNIPER SHRUBLAND WITH PERENNIAL GRASSES,BIGELOWS SAGEBRUSH,DOMINANT SHRUB
R035XY263UT,REFERENCE,1.2,UTAH JUNIPER SHRUBLAND WITH PERENNIAL GRASSES,MORMONTEA,DOMINANT SHRUB
R035XY263UT,REFERENCE,1.2,UTAH JUNIPER SHRUBLAND WITH PERENNIAL GRASSES,INDIAN RICEGRASS,25%
R035XY263UT,REFERENCE,1.2,UTAH JUNIPER SHRUBLAND WITH PERENNIAL GRASSES,PERENNIAL GRASS,25%
R035XY263UT,CURRENT POTENTIAL STATE,2.1,"TWONEEDLE PINYON, UTAH JUNIPER SHRUBLAND WITH INVASIVE SPECIES",TWONEEDLE PINYON,VERY SPARSE
R035XY263UT,CURRENT POTENTIAL STATE,2.1,"TWONEEDLE PINYON, UTAH JUNIPER SHRUBLAND WITH INVASIVE SPECIES",UTAH JUNIPER,VERY SPARSE
R035XY263UT,CURRENT POTENTIAL STATE,2.1,"TWONEEDLE PINYON, UTAH JUNIPER SHRUBLAND WITH INVASIVE SPECIES",BIGELOWS SAGEBRUSH,DOMINANT SHRUB
R035XY263UT,CURRENT POTENTIAL STATE,2.1,"TWONEEDLE PINYON, UTAH JUNIPER SHRUBLAND WITH INVASIVE SPECIES",MORMONTEA,DOMINANT SHRUB
R035XY263UT,CURRENT POTENTIAL STATE,2.1,"TWONEEDLE PINYON, UTAH JUNIPER SHRUBLAND WITH INVASIVE SPECIES",INDIAN RICEGRASS,30%
R035XY263UT,CURRENT POTENTIAL STATE,2.1,"TWONEEDLE PINYON, UTAH JUNIPER SHRUBLAND WITH INVASIVE SPECIES",SALINA WILDRYE,30%
R035XY263UT,CURRENT POTENTIAL STATE,2.1,"TWONEEDLE PINYON, UTAH JUNIPER SHRUBLAND WITH INVASIVE SPECIES",INVASIVE ANNUALS,30%
R035XY263UT,CURRENT POTENTIAL STATE,2.2,UTAH JUNIPER SHRUBLAND WITH INVASIVE SPECIES,UTAH JUNIPER,VERY SPARSE
R035XY263UT,CURRENT POTENTIAL STATE,2.2,UTAH JUNIPER SHRUBLAND WITH INVASIVE SPECIES,TWONEEDLE PINYON,VERY SPARSE
R035XY263UT,CURRENT POTENTIAL STATE,2.2,UTAH JUNIPER SHRUBLAND WITH INVASIVE SPECIES,BIGELOWS SAGEBRUSH,DOMINANT SHRUB
R035XY263UT,CURRENT POTENTIAL STATE,2.2,UTAH JUNIPER SHRUBLAND WITH INVASIVE SPECIES,MORMONTEA,DOMINANT SHRUB
R035XY263UT,CURRENT POTENTIAL STATE,2.2,UTAH JUNIPER SHRUBLAND WITH INVASIVE SPECIES,INDIAN RICEGRASS,25%
R035XY263UT,CURRENT POTENTIAL STATE,2.2,UTAH JUNIPER SHRUBLAND WITH INVASIVE SPECIES,PERENNIAL GRASS,25%
R035XY263UT,CURRENT POTENTIAL STATE,2.2,UTAH JUNIPER SHRUBLAND WITH INVASIVE SPECIES,INVASIVE ANNUALS,25%
,,,,,
R035XY146UT,REFERENCE,1.1,SHADSCALE SHRUBLAND WITH PERENNIAL GRASSES,SHADSCALE,DOMINANT
R035XY146UT,REFERENCE,1.1,SHADSCALE SHRUBLAND WITH PERENNIAL GRASSES,TORREYS JOINTFIR,COMMON
R035XY146UT,REFERENCE,1.1,SHADSCALE SHRUBLAND WITH PERENNIAL GRASSES,JAMES GALLETA,20%
R035XY146UT,REFERENCE,1.1,SHADSCALE SHRUBLAND WITH PERENNIAL GRASSES,INDIAN RICEGRASS,20%
R035XY146UT,REFERENCE,1.2,SHADSCALE SHRUBLAND,SHADSCALE,DOMINANT
R035XY146UT,REFERENCE,1.2,SHADSCALE SHRUBLAND,TORREYS JOINTFIR,COMMON
R035XY146UT,REFERENCE,1.2,SHADSCALE SHRUBLAND,JAMES GALLETA,<5%
R035XY146UT,REFERENCE,1.2,SHADSCALE SHRUBLAND,INDIAN RICEGRASS,<5%
R035XY146UT,CURRENT POTENTIAL STATE,2.1,SHADSCALE SHRUBLAND WITH PERENNIAL GRASSES & INVASIVE SPECIES,SHADSCALE,DOMINANT
R035XY146UT,CURRENT POTENTIAL STATE,2.1,SHADSCALE SHRUBLAND WITH PERENNIAL GRASSES & INVASIVE SPECIES,TORREYS JOINTFIR,COMMON
R035XY146UT,CURRENT POTENTIAL STATE,2.1,SHADSCALE SHRUBLAND WITH PERENNIAL GRASSES & INVASIVE SPECIES,JAMES GALLETA,15%
R035XY146UT,CURRENT POTENTIAL STATE,2.1,SHADSCALE SHRUBLAND WITH PERENNIAL GRASSES & INVASIVE SPECIES,INDIAN RICEGRASS,15%
R035XY146UT,CURRENT POTENTIAL STATE,2.1,SHADSCALE SHRUBLAND WITH PERENNIAL GRASSES & INVASIVE SPECIES,INVASIVE SPECIES,PRESENT
R035XY146UT,CURRENT POTENTIAL STATE,2.2,SHADSCALE SHRUBLAND & INVASIVE SPECIES,SHADSCALE,DOMINANT
R035XY146UT,CURRENT POTENTIAL STATE,2.2,SHADSCALE SHRUBLAND & INVASIVE SPECIES,TORREYS JOINTFIR,COMMON
R035XY146UT,CURRENT POTENTIAL STATE,2.2,SHADSCALE SHRUBLAND & INVASIVE SPECIES,JAMES GALLETA,<5%
R035XY146UT,CURRENT POTENTIAL STATE,2.2,SHADSCALE SHRUBLAND & INVASIVE SPECIES,INDIAN RICEGRASS,<5%
R035XY146UT,CURRENT POTENTIAL STATE,2.2,SHADSCALE SHRUBLAND & INVASIVE SPECIES,INVASIVE SPECIES,PRESENT
,,,,,
R035XY240UT,REFERENCE,1.1,"UTAH JUNIPER, TWO-NEEDLE PINYON WOODLAND WITH PERENNIAL GRASSES",TWO-NEEDLE PINYON,SPARSE CANOPY
R035XY240UT,REFERENCE,1.1,"UTAH JUNIPER, TWO-NEEDLE PINYON WOODLAND WITH PERENNIAL GRASSES",UTAH JUNIPER,SPARSE CANOPY
R035XY240UT,REFERENCE,1.1,"UTAH JUNIPER, TWO-NEEDLE PINYON WOODLAND WITH PERENNIAL GRASSES",BLACKBRUSH,DOMINANT
R035XY240UT,REFERENCE,1.1,"UTAH JUNIPER, TWO-NEEDLE PINYON WOODLAND WITH PERENNIAL GRASSES",BIGELOWS SAGEBRUSH,DOMINANT
R035XY240UT,REFERENCE,1.1,"UTAH JUNIPER, TWO-NEEDLE PINYON WOODLAND WITH PERENNIAL GRASSES",MORMONTEA,DOMINANT
R035XY240UT,REFERENCE,1.1,"UTAH JUNIPER, TWO-NEEDLE PINYON WOODLAND WITH PERENNIAL GRASSES",INDIAN RICEGRASS,30%
R035XY240UT,REFERENCE,1.1,"UTAH JUNIPER, TWO-NEEDLE PINYON WOODLAND WITH PERENNIAL GRASSES",SALINA WILDRYE,30%
R035XY240UT,REFERENCE,1.2,UTAH JUNIPER WOODLAND WITH PERENNIAL GRASSES,UTAH JUNIPER,SPARSE CANOPY
R035XY240UT,REFERENCE,1.2,UTAH JUNIPER WOODLAND WITH PERENNIAL GRASSES,TWO-NEEDLE PINYON,SPARSE CANOPY
R035XY240UT,REFERENCE,1.2,UTAH JUNIPER WOODLAND WITH PERENNIAL GRASSES,BLACKBRUSH,DOMINANT
R035XY240UT,REFERENCE,1.2,UTAH JUNIPER WOODLAND WITH PERENNIAL GRASSES,BIGELOWS SAGEBRUSH,DOMINANT
R035XY240UT,REFERENCE,1.2,UTAH JUNIPER WOODLAND WITH PERENNIAL GRASSES,MORMONTEA,DOMINANT
R035XY240UT,REFERENCE,1.2,UTAH JUNIPER WOODLAND WITH PERENNIAL GRASSES,INDIAN RICEGRASS,20%
R035XY240UT,REFERENCE,1.2,UTAH JUNIPER WOODLAND WITH PERENNIAL GRASSES,PERENNIAL GRASSES,20%
R035XY240UT,CURRENT POTENTIAL STATE,2.1,"UTAH JUNIPER, TWO-NEEDLE PINYON WOODLAND WITH INVASIVE SPECIES",TWO-NEEDLE PINYON,SPARSE CANOPY
R035XY240UT,CURRENT POTENTIAL STATE,2.1,"UTAH JUNIPER, TWO-NEEDLE PINYON WOODLAND WITH INVASIVE SPECIES",UTAH JUNIPER,SPARSE CANOPY
R035XY240UT,CURRENT POTENTIAL STATE,2.1,"UTAH JUNIPER, TWO-NEEDLE PINYON WOODLAND WITH INVASIVE SPECIES",BLACKBRUSH,DOMINANT
R035XY240UT,CURRENT POTENTIAL STATE,2.1,"UTAH JUNIPER, TWO-NEEDLE PINYON WOODLAND WITH INVASIVE SPECIES",BIGELOWS SAGEBRUSH,DOMINANT
R035XY240UT,CURRENT POTENTIAL STATE,2.1,"UTAH JUNIPER, TWO-NEEDLE PINYON WOODLAND WITH INVASIVE SPECIES",MORMONTEA,DOMINANT
R035XY240UT,CURRENT POTENTIAL STATE,2.1,"UTAH JUNIPER, TWO-NEEDLE PINYON WOODLAND WITH INVASIVE SPECIES",INDIAN RICEGRASS,25%
R035XY240UT,CURRENT POTENTIAL STATE,2.1,"UTAH JUNIPER, TWO-NEEDLE PINYON WOODLAND WITH INVASIVE SPECIES",SALINA WILDRYE,25%
R035XY240UT,CURRENT POTENTIAL STATE,2.1,"UTAH JUNIPER, TWO-NEEDLE PINYON WOODLAND WITH INVASIVE SPECIES",INVASIVE ANNUALS,25%
R035XY240UT,CURRENT POTENTIAL STATE,2.2,UTAH JUNIPER WOODLAND WITH INVASIVE SPECIES,UTAH JUNIPER,SPARSE CANOPY
R035XY240UT,CURRENT POTENTIAL STATE,2.2,UTAH JUNIPER WOODLAND WITH INVASIVE SPECIES,TWO-NEEDLE PINYON,SPARSE CANOPY
R035XY240UT,CURRENT POTENTIAL STATE,2.2,UTAH JUNIPER WOODLAND WITH INVASIVE SPECIES,BLACKBRUSH,DOMINANT
R035XY240UT,CURRENT POTENTIAL STATE,2.2,UTAH JUNIPER WOODLAND WITH INVASIVE SPECIES,BIGELOWS SAGEBRUSH,DOMINANT
R035XY240UT,CURRENT POTENTIAL STATE,2.2,UTAH JUNIPER WOODLAND WITH INVASIVE SPECIES,MORMONTEA,DOMINANT
R035XY240UT,CURRENT POTENTIAL STATE,2.2,UTAH JUNIPER WOODLAND WITH INVASIVE SPECIES,INDIAN RICEGRASS,20%
R035XY240UT,CURRENT POTENTIAL STATE,2.2,UTAH JUNIPER WOODLAND WITH INVASIVE SPECIES,PERENNIAL GRASSES,20%
R035XY240UT,CURRENT POTENTIAL STATE,2.2,UTAH JUNIPER WOODLAND WITH INVASIVE SPECIES,INVASIVE ANNUALS,20%
,,,,,
R034BY101UT,REFERENCE,1.1,,ATGA,
R034BY101UT,REFERENCE,1.1,,ACHY,
R034BY101UT,REFERENCE,1.1,,PLJA,
R034BY101UT,REFERENCE,1.2,,ATGA,
R034BY101UT,REFERENCE,1.2,,PLJA,
R034BY101UT,REFERENCE,1.2,,ACHY,DECLINE
R034BY101UT,POTENTIAL,2.1,,ATGA,
R034BY101UT,POTENTIAL,2.1,,ACHY,
R034BY101UT,POTENTIAL,2.1,,PLJA,
R034BY101UT,POTENTIAL,2.1,,NOXIOUS,PRESENT
R034BY101UT,POTENTIAL,2.2,,ATGA,
R034BY101UT,POTENTIAL,2.2,,PLJA,
R034BY101UT,POTENTIAL,2.2,,NOXIOUS,PRESENT
R034BY101UT,POTENTIAL,2.3,,ATGA,
R034BY101UT,DEGRADED,3.1,,ATGA,
R034BY101UT,DEGRADED,3.1,,PLJA,
R034BY101UT,DEGRADED,3.1,,HAGL,PREVALENT
R034BY101UT,FORB DOMINATED,4.1,,HAGL,
R034BY101UT,FORB DOMINATED,4.1,,PF,
,,,,,
R034BY006UT,REFERENCE,1.1,"BLACK GREASEWOOD, BOTTLEBRUSH SQUIRRELTAIL ",SAVE4,
R034BY006UT,REFERENCE,1.1,"BLACK GREASEWOOD, BOTTLEBRUSH SQUIRRELTAIL ",ATCO,
R034BY006UT,REFERENCE,1.1,"BLACK GREASEWOOD, BOTTLEBRUSH SQUIRRELTAIL ",ELE5,
R034BY006UT,REFERENCE,1.1,"BLACK GREASEWOOD, BOTTLEBRUSH SQUIRRELTAIL ",ACHY,
R034BY006UT,REFERENCE,1.1,"BLACK GREASEWOOD, BOTTLEBRUSH SQUIRRELTAIL ",DISP,
R034BY006UT,REFERENCE,1.1,"BLACK GREASEWOOD, BOTTLEBRUSH SQUIRRELTAIL ",KRLA,
R034BY006UT,REFERENCE,1.1,"BLACK GREASEWOOD, BOTTLEBRUSH SQUIRRELTAIL ",PIDE4,
R034BY006UT,REFERENCE,1.2,"BOTTLEBRUSH SQUIRRELTAIL, PERENNIAL GRASS",SAVE4,DECREASED
R034BY006UT,REFERENCE,1.2,"BOTTLEBRUSH SQUIRRELTAIL, PERENNIAL GRASS",ATCO,ABSENT/PRESENT
R034BY006UT,REFERENCE,1.2,"BOTTLEBRUSH SQUIRRELTAIL, PERENNIAL GRASS",ELE5,
R034BY006UT,REFERENCE,1.2,"BOTTLEBRUSH SQUIRRELTAIL, PERENNIAL GRASS",ACHY,
R034BY006UT,REFERENCE,1.2,"BOTTLEBRUSH SQUIRRELTAIL, PERENNIAL GRASS",DISP,
R034BY006UT,REFERENCE,1.2,"BOTTLEBRUSH SQUIRRELTAIL, PERENNIAL GRASS",KRLA,
R034BY006UT,REFERENCE,1.2,"BOTTLEBRUSH SQUIRRELTAIL, PERENNIAL GRASS",PIDE4,
R034BY006UT,POTENTIAL,2.1,"BLACK GREASEWOOD, BOTTLEBRUSH SQUIRRELTAIL INVASIVE WEED",SAVE4,
R034BY006UT,POTENTIAL,2.1,"BLACK GREASEWOOD, BOTTLEBRUSH SQUIRRELTAIL INVASIVE WEED",ATCO,
R034BY006UT,POTENTIAL,2.1,"BLACK GREASEWOOD, BOTTLEBRUSH SQUIRRELTAIL INVASIVE WEED",ELE5,
R034BY006UT,POTENTIAL,2.1,"BLACK GREASEWOOD, BOTTLEBRUSH SQUIRRELTAIL INVASIVE WEED",ACHY,
R034BY006UT,POTENTIAL,2.1,"BLACK GREASEWOOD, BOTTLEBRUSH SQUIRRELTAIL INVASIVE WEED",NOXIOUS,
R034BY006UT,POTENTIAL,2.2,BLACK GREASEWOOD INVASIVE ANNUAL ,SAVE4,
R034BY006UT,POTENTIAL,2.2,BLACK GREASEWOOD INVASIVE ANNUAL ,NOXIOUS AG,
R034BY006UT,POTENTIAL,2.3,INVASIVE ANNUAL,NOXIOUS AG,
R034BY006UT,SEEDED,3.1,WELL ESTABLISHED RANGE SEEDING,CRESTED WHEATGRASS,
R034BY006UT,SEEDED,3.1,WELL ESTABLISHED RANGE SEEDING,TALL WHEATGRASS,
R034BY006UT,SEEDED,3.1,WELL ESTABLISHED RANGE SEEDING,RUSSIAN WILDRYE,
R034BY006UT,SEEDED,3.2,FAILED RANGE SEEDING,CRESTED WHEATGRASS,
R034BY006UT,SEEDED,3.2,FAILED RANGE SEEDING,TALL WHEATGRASS,
R034BY006UT,SEEDED,3.2,FAILED RANGE SEEDING,RUSSIAN WILDRYE,
R034BY006UT,,,,,
R034BY006UT,,,,,
R034BY006UT,,,,,
