Plot ID,Panel,Plot Status,Administrative State,Project Office,Design Stratum,Project Contact Name,Comments,Rejection Criteria,Rejection Criteria Comments,Actual Stratum,Project,Random or Targeted,Revisit,Original Plot ID If Revisit,Date Originally Visited If Revisit,Moved,Move Comments,Date Visited,Actual Latitude Y,Actual Longitude X,Ecological Site
AS-1,2018,Rejected,CO,UNCOMPAHGRE FIELD OFFICE,Aspen,Ken Holsinger,,Office - Slope > 50%,"Using Google Earth and DEM, determined slope was ~68%",,,,,,,,,,,,NA
AS-6,OverSample 2018,Rejected,CO,UNCOMPAHGRE FIELD OFFICE,Aspen,Ken Holsinger,,Field - Access Denied,Locked gate. Attempted to contact landowner but not listed anywhere. Called their lawyer. No answer,,,,,,,,,,,,NA
AS-7,OverSample 2018,Rejected,CO,UNCOMPAHGRE FIELD OFFICE,Aspen,Ken Holsinger,,Field - Slope > 50%,"Unable to reach plot center due to steep, loose slopes",,,,,,,,,,,,NA
AS-8,OverSample 2018,Sampled,CO,UNCOMPAHGRE FIELD OFFICE,Aspen,Ken Holsinger,,,,Mixed Mountain Shrub with Pinyon Juniper Woodland,Terrestrial AIM ,Random - NOC or SHINY generated design,NO,,,NO,,9/10/2018,38.87089,-108.15863,Need To find 2018 Ecosites
GR-21,2018,Sampled,CO,UNCOMPAHGRE FIELD OFFICE,Grassland,Ken Holsinger,,,,Pinyon Juniper Woodland or Mixed Mountain Shrub,Terrestrial AIM ,Random - NOC or SHINY generated design,NO,,,NO,,6/14/2018,38.36678,-108.57239,R036XY114CO
GR-26,OverSample 2018,Not Sampled,CO,UNCOMPAHGRE FIELD OFFICE,Grassland,Ken Holsinger,,,,,,,,,,,,,,,NA
GR-27,OverSample 2018,Not Sampled,CO,UNCOMPAHGRE FIELD OFFICE,Grassland,Ken Holsinger,,,,,,,,,,,,,,,NA
GR-28,OverSample 2018,Not Sampled,CO,UNCOMPAHGRE FIELD OFFICE,Grassland,Ken Holsinger,,,,,,,,,,,,,,,NA
MC-41,2018,Rejected,CO,UNCOMPAHGRE FIELD OFFICE,Mixed Conifer,Ken Holsinger,,Field - Slope > 50%,Unable to move 50 meters in any direction,,,,,,,,,,,,NA
MC-42,2018,Rejected,CO,UNCOMPAHGRE FIELD OFFICE,Mixed Conifer,Ken Holsinger,,Field - Slope > 50%,Unable to move 50 meters in any direction,,,,,,,,,,,,NA
MC-43,2018,Rejected,CO,UNCOMPAHGRE FIELD OFFICE,Mixed Conifer,Ken Holsinger,,Field - Slope > 50%,Unable to move 50 meters in any direction,,,,,,,,,,,,NA
MC-56,OverSample 2018,Sampled,CO,UNCOMPAHGRE FIELD OFFICE,Mixed Conifer,Ken Holsinger,,,,Mixed Conifer,Terrestrial AIM ,Random - NOC or SHINY generated design,NO,,,NO,,8/7/2018,38.31559,-107.63129,Need To find 2018 Ecosites
MC-57,OverSample 2018,Sampled,CO,UNCOMPAHGRE FIELD OFFICE,Mixed Conifer,Ken Holsinger,,,,Pinyon Juniper Woodland or Mixed Mountain Shrub,Terrestrial AIM ,Random - NOC or SHINY generated design,NO,,,NO,,9/11/2018,38.87,-108.17428,Need To find 2018 Ecosites
MC-58,OverSample 2018,Rejected,CO,UNCOMPAHGRE FIELD OFFICE,Mixed Conifer,Ken Holsinger,,Office - Slope > 50%,Unable to move 50 meters in any direction,,,,,,,,,,,,NA
MMS-71,2018,Sampled,CO,UNCOMPAHGRE FIELD OFFICE,Mixed Mountain Shrub,Ken Holsinger,,,,Mixed Mountain Shrub,Terrestrial AIM ,Random - NOC or SHINY generated design,NO,,,NO,,6/5/2018,38.63836,-108.48341,R048AY238CO
MMS-72,2018,Sampled,CO,UNCOMPAHGRE FIELD OFFICE,Mixed Mountain Shrub,Ken Holsinger,,,,Pinyon Juniper Woodland,Terrestrial AIM ,Random - NOC or SHINY generated design,NO,,,NO,,6/28/2018,38.45227,-108.1319,Need To find 2018 Ecosites
MMS-73,2018,Sampled,CO,UNCOMPAHGRE FIELD OFFICE,Mixed Mountain Shrub,Ken Holsinger,,,,Pinyon Juniper Woodland,Terrestrial AIM ,Random - NOC or SHINY generated design,NO,,,NO,,7/4/2018,38.32482,-107.86259,R036XY325CO
MMS-74,2018,Sampled,CO,UNCOMPAHGRE FIELD OFFICE,Mixed Mountain Shrub,Ken Holsinger,,,,Mixed Mountain Shrub,Terrestrial AIM ,Random - NOC or SHINY generated design,NO,,,NO,,7/10/2018,38.61922,-107.76064,R048AY238CO
MMS-75,2018,Sampled,CO,UNCOMPAHGRE FIELD OFFICE,Mixed Mountain Shrub,Ken Holsinger,,,,Pinyon Juniper Woodland,Terrestrial AIM ,Random - NOC or SHINY generated design,NO,,,NO,,7/2/2018,38.4788406,-108.6808074,R036XY284CO
MMS-96,OverSample 2018,Not Sampled,CO,UNCOMPAHGRE FIELD OFFICE,Mixed Mountain Shrub,Ken Holsinger,,,,,,,,,,,,,,,NA
MMS-97,OverSample 2018,Not Sampled,CO,UNCOMPAHGRE FIELD OFFICE,Mixed Mountain Shrub,Ken Holsinger,,,,,,,,,,,,,,,NA
MMS-98,OverSample 2018,Not Sampled,CO,UNCOMPAHGRE FIELD OFFICE,Mixed Mountain Shrub,Ken Holsinger,,,,,,,,,,,,,,,NA
OT-111,2018,Sampled,CO,UNCOMPAHGRE FIELD OFFICE,Other,Ken Holsinger,,,,Other,Terrestrial AIM ,Random - NOC or SHINY generated design,NO,,,NO,,9/5/2018,38.77096,-108.30585,Need To find 2018 Ecosites
OT-116,OverSample 2018,Not Sampled,CO,UNCOMPAHGRE FIELD OFFICE,Other,Ken Holsinger,,,,,,,,,,,,,,,NA
OT-117,OverSample 2018,Not Sampled,CO,UNCOMPAHGRE FIELD OFFICE,Other,Ken Holsinger,,,,,,,,,,,,,,,NA
OT-118,OverSample 2018,Not Sampled,CO,UNCOMPAHGRE FIELD OFFICE,Other,Ken Holsinger,,,,,,,,,,,,,,,NA
PJ-131,2018,Sampled,CO,UNCOMPAHGRE FIELD OFFICE,Pinyon Juniper Woodland,Ken Holsinger,,,,Pinyon Juniper Woodland,Terrestrial AIM ,Random - NOC or SHINY generated design,NO,,,NO,,5/31/2018,38.76742,-107.60166,R036XY289CO
PJ-132,2018,Sampled,CO,UNCOMPAHGRE FIELD OFFICE,Pinyon Juniper Woodland,Ken Holsinger,,,,Pinyon Juniper Woodland,Terrestrial AIM ,Random - NOC or SHINY generated design,NO,,,NO,,6/13/2018,38.26392,-108.38282,R036XY284CO
PJ-133,2018,Sampled,CO,UNCOMPAHGRE FIELD OFFICE,Pinyon Juniper Woodland,Ken Holsinger,,,,Pinyon Juniper Woodland -also ARNO4 and PUTR,Terrestrial AIM ,Random - NOC or SHINY generated design,NO,,,NO,,8/1/2018,38.1362,-108.66058,R036XY284CO
PJ-134,2018,Rejected,CO,UNCOMPAHGRE FIELD OFFICE,Pinyon Juniper Woodland,Ken Holsinger,,Office - Unsafe to sample,The hike into the plot would require repel gear,,,,,,,,,,,,NA
PJ-135,2018,Rejected,CO,UNCOMPAHGRE FIELD OFFICE,Pinyon Juniper Woodland,Ken Holsinger,,Field - Access Denied,Denied access by landowner. Attempted to contact other people in the area with no luck,,,,,,,,,,,,NA
PJ-156,OverSample 2018,Sampled,CO,UNCOMPAHGRE FIELD OFFICE,Pinyon Juniper Woodland,Ken Holsinger,,,,Pinyon Juniper Woodland or Mixed Mountain Shrub,Terrestrial AIM ,Random - NOC or SHINY generated design,NO,,,NO,,8/23/2018,38.20472,-108.31038,Need To find 2018 Ecosites
PJ-157,OverSample 2018,Sampled,CO,UNCOMPAHGRE FIELD OFFICE,Pinyon Juniper Woodland,Ken Holsinger,,,,Pinyon Juniper Woodland,Terrestrial AIM ,Random - NOC or SHINY generated design,NO,,,NO,,8/28/2018,38.18673,-108.59132,Need To find 2018 Ecosites
PJ-158,OverSample 2018,Not Sampled,CO,UNCOMPAHGRE FIELD OFFICE,Pinyon Juniper Woodland,Ken Holsinger,,,,,,,,,,,,,,,NA
PP-171,2018,Sampled,CO,UNCOMPAHGRE FIELD OFFICE,Ponderosa Pine,Ken Holsinger,,,,Mixed Mountain Shrub,Terrestrial AIM ,Random - NOC or SHINY generated design,NO,,,NO,,7/30/2018,38.37545,-109.037536,R048AY228CO
PP-176,OverSample 2018,Not Sampled,CO,UNCOMPAHGRE FIELD OFFICE,Ponderosa Pine,Ken Holsinger,,,,,,,,,,,,,,,NA
PP-177,OverSample 2018,Not Sampled,CO,UNCOMPAHGRE FIELD OFFICE,Ponderosa Pine,Ken Holsinger,,,,,,,,,,,,,,,NA
PP-178,OverSample 2018,Not Sampled,CO,UNCOMPAHGRE FIELD OFFICE,Ponderosa Pine,Ken Holsinger,,,,,,,,,,,,,,,NA
RI-191,2018,Rejected,CO,UNCOMPAHGRE FIELD OFFICE,Riparian,Ken Holsinger,,"Field - Intersects wetland, riparian, or aquatic feature",Unable to move plot without a transect intersecting the Dolores River,,,,,,,,,,,,NA
RI-192,2018,Rejected,CO,UNCOMPAHGRE FIELD OFFICE,Riparian,Ken Holsinger,,Office - Slope > 50%,unable to move 50 meters using Google Earth and have slopes <50%,,,,,,,,,,,,NA
RI-193,2018,Rejected,CO,UNCOMPAHGRE FIELD OFFICE,Riparian,Ken Holsinger,,Field - Slope > 50%,"In deep ravine, unable to move",,,,,,,,,,,,NA
RI-206,OverSample 2018,Sampled,CO,UNCOMPAHGRE FIELD OFFICE,Riparian,Ken Holsinger,,,,Riparian,Terrestrial AIM ,Random - NOC or SHINY generated design,NO,,,NO,,7/19/2018,38.896809,-107.492096,Need To find 2018 Ecosites
RI-207,OverSample 2018,Sampled,CO,UNCOMPAHGRE FIELD OFFICE,Riparian,Ken Holsinger,,,,Mixed Mountain Shrub,Terrestrial AIM ,Random - NOC or SHINY generated design,NO,,,YES,Moved 50m north due to steep slope,7/30/2018,38.37843,-108.53902,Need To find 2018 Ecosites
RI-208,OverSample 2018,Sampled,CO,UNCOMPAHGRE FIELD OFFICE,Riparian,Ken Holsinger,,,,Pinyon Juniper Woodland,Terrestrial AIM ,Random - NOC or SHINY generated design,NO,,,NO,,7/25/2018,38.38847,-107.90445,Need To find 2018 Ecosites
SS-221,2018,Sampled,CO,UNCOMPAHGRE FIELD OFFICE,Sage Steppe,Ken Holsinger,,,,Mixed Mountain Shrub,Terrestrial AIM ,Random - NOC or SHINY generated design,NO,,,NO,,5/29/2018,38.34075,-107.97868,R036XY114CO
SS-222,2018,Sampled,CO,UNCOMPAHGRE FIELD OFFICE,Sage Steppe,Ken Holsinger,,,,Mixed Mountain Shrub,Terrestrial AIM ,Random - NOC or SHINY generated design,NO,,,NO,,6/29/2018,38.87656,-107.7477,R048AY247CO
SS-223,2018,Sampled,CO,UNCOMPAHGRE FIELD OFFICE,Sage Steppe,Ken Holsinger,,,,Pinyon Juniper Woodland,Terrestrial AIM ,Random - NOC or SHINY generated design,NO,,,NO,,6/6/2018,38.62469,-108.27887,R036XY113CO
SS-224,2018,Sampled,CO,UNCOMPAHGRE FIELD OFFICE,Sage Steppe,Ken Holsinger,,,,Mixed Mountain Shrub,Terrestrial AIM ,Random - NOC or SHINY generated design,NO,,,NO,,6/12/2018,38.2164,-108.79117,R036XY284CO
SS-225,2018,Sampled,CO,UNCOMPAHGRE FIELD OFFICE,Sage Steppe,Ken Holsinger,,,,Sage Steppe or Pinyon Juniper Woodland,Terrestrial AIM ,Random - NOC or SHINY generated design,NO,,,NO,,6/28/2018,38.4851,-108.0487,R036XY113CO
SS-226,2018,Rejected,CO,UNCOMPAHGRE FIELD OFFICE,Sage Steppe,Ken Holsinger,,Field - Slope > 50%,"In deep ravine, unable to move",,,,,,,,,,,,NA
SS-227,2018,Sampled,CO,UNCOMPAHGRE FIELD OFFICE,Sage Steppe,Ken Holsinger,,,,Pinyon Juniper Woodland,Terrestrial AIM ,Random - NOC or SHINY generated design,NO,,,NO,,6/25/2018,38.68673705,-108.2573,R036XY113CO
SS-228,2018,Sampled,CO,UNCOMPAHGRE FIELD OFFICE,Sage Steppe,Ken Holsinger,,,,Sage Steppe,Terrestrial AIM ,Random - NOC or SHINY generated design,NO,,,YES,Plot on border of private property. Moved 50 meters north ,6/14/2018,38.31976,-108.62241,R036XY326CO
SS-229,2018,Sampled,CO,UNCOMPAHGRE FIELD OFFICE,Sage Steppe,Ken Holsinger,,,,Sage Steppe,Terrestrial AIM ,Random - NOC or SHINY generated design,NO,,,NO,,6/26/2018,38.41965,-107.9761,R036XY326CO
SS-230,2018,Sampled,CO,UNCOMPAHGRE FIELD OFFICE,Sage Steppe,Ken Holsinger,,,,Grassland,Terrestrial AIM ,Random - NOC or SHINY generated design,NO,,,NO,,8/9/2018,38.84484,-108.142,R036XY326CO
SS-231,2018,Sampled,CO,UNCOMPAHGRE FIELD OFFICE,Sage Steppe,Ken Holsinger,,,,Sage Steppe,Terrestrial AIM ,Random - NOC or SHINY generated design,NO,,,YES,Moved 50m east due to maintained road crossing,7/3/2018,38.4049,-108.777,R036XY326CO
SS-232,2018,Sampled,CO,UNCOMPAHGRE FIELD OFFICE,Sage Steppe,Ken Holsinger,,,,Sage Steppe,Terrestrial AIM ,Random - NOC or SHINY generated design,NO,,,YES,Moved 50m north due to maintained road crossing,6/13/2018,38.2389,-108.4636,R036XY326CO
SS-233,2018,Sampled,CO,UNCOMPAHGRE FIELD OFFICE,Sage Steppe,Ken Holsinger,,,,Mixed Mountain Shrub,Terrestrial AIM ,Random - NOC or SHINY generated design,NO,,,NO,,6/27/2018,38.27689,-107.7122,R048AY238CO
SS-234,2018,Sampled,CO,UNCOMPAHGRE FIELD OFFICE,Sage Steppe,Ken Holsinger,,,,Salt Desert,Terrestrial AIM ,Random - NOC or SHINY generated design,NO,,,NO,,7/12/2018,38.6646,-107.8835,R034BY006UT
SS-235,2018,Rejected,CO,UNCOMPAHGRE FIELD OFFICE,Sage Steppe,Ken Holsinger,,Field - Slope > 50%,Unable to move 50 meters in any direction,,,,,,,,,,,,NA
SS-236,2018,Rejected,CO,UNCOMPAHGRE FIELD OFFICE,Sage Steppe,Ken Holsinger,,Office - Slope > 50%,unable to move 50 meters using Google Earth and have slopes <50%,,,,,,,,,,,,NA
SS-301,OverSample 2018,Sampled,CO,UNCOMPAHGRE FIELD OFFICE,Sage Steppe,Ken Holsinger,,,,Sage Steppe,Terrestrial AIM ,Random - NOC or SHINY generated design,NO,,,NO,,7/25/2018,38.4946,-108.1513,Need To find 2018 Ecosites
SS-302,OverSample 2018,Sampled,CO,UNCOMPAHGRE FIELD OFFICE,Sage Steppe,Ken Holsinger,,,,Mixed Mountain Shrub,Terrestrial AIM ,Random - NOC or SHINY generated design,NO,,,NO,,7/18/2018,38.9553,-107.5613,Need To find 2018 Ecosites
SS-303,OverSample 2018,Rejected,CO,UNCOMPAHGRE FIELD OFFICE,Sage Steppe,Ken Holsinger,,Office - > 3 miles walking distance,unable to move 50 meters using Google Earth,,,,,,,,,,,,NA
SS-304,OverSample 2018,Sampled,CO,UNCOMPAHGRE FIELD OFFICE,Sage Steppe,Ken Holsinger,,,,Pinyon Juniper Woodland,Terrestrial AIM ,Random - NOC or SHINY generated design,NO,,,NO,,8/30/2018,38.3811,-108.6987,Need To find 2018 Ecosites
SD-321,2018,Rejected,CO,UNCOMPAHGRE FIELD OFFICE,Salt Desert,Ken Holsinger,,Office - Slope > 50%,unable to move 50 meters using Google Earth and have slopes <50%,,,,NO,,,,,,,,NA
SD-322,2018,Rejected,CO,UNCOMPAHGRE FIELD OFFICE,Salt Desert,Ken Holsinger,,Office - Slope > 50%,unable to move 50 meters using Google Earth and have slopes <50%,,,,,,,,,,,,NA
SD-323,2018,Sampled,CO,UNCOMPAHGRE FIELD OFFICE,Salt Desert,Ken Holsinger,,,,Salt Desert,Terrestrial AIM ,Random - NOC or SHINY generated design,NO,,,NO,,"5/22/2018, 5/23/2018, 5/24/2018",38.60885,-108.14396,R036XY325CO
SD-324,2018,Sampled,CO,UNCOMPAHGRE FIELD OFFICE,Salt Desert,Ken Holsinger,,,,Salt Desert,Terrestrial AIM ,Random - NOC or SHINY generated design,NO,,,NO,,7/5/2018,38.53119,-107.79086,R034BY117UT
SD-325,2018,Sampled,CO,UNCOMPAHGRE FIELD OFFICE,Salt Desert,Ken Holsinger,,,,Salt Desert,Terrestrial AIM ,Random - NOC or SHINY generated design,NO,,,NO,,6/4/2018,38.84625,-108.21495,R034BY404CO
SD-326,2018,Sampled,CO,UNCOMPAHGRE FIELD OFFICE,Salt Desert,Ken Holsinger,,,,Salt Desert,Terrestrial AIM ,Random - NOC or SHINY generated design,NO,,,NO,,6/11/2018,38.46436,-108.81012,R036XY325CO
SD-327,2018,Sampled,CO,UNCOMPAHGRE FIELD OFFICE,Salt Desert,Ken Holsinger,,,,Salt Desert,Terrestrial AIM ,Random - NOC or SHINY generated design,NO,,,NO,,6/5/2018,38.77102,-108.18233,R034BY117UT
SD-328,2018,Sampled,CO,UNCOMPAHGRE FIELD OFFICE,Salt Desert,Ken Holsinger,,,,Salt Desert,Terrestrial AIM ,Random - NOC or SHINY generated design,NO,,,NO,,7/26/2018,38.56085,-107.82764,R034BY109UT
SD-329,2018,Rejected,CO,UNCOMPAHGRE FIELD OFFICE,Salt Desert,Ken Holsinger,,Site not sampled,Duplicate plot as intensification design,,,,,,,,,,,,NA
SD-330,2018,Sampled,CO,UNCOMPAHGRE FIELD OFFICE,Salt Desert,Ken Holsinger,,,,Pinyon Juniper Woodland,Terrestrial AIM ,Random - NOC or SHINY generated design,NO,,,YES,50 meters north due to >50% slope,6/12/2018,38.29163,-108.70637,R036XY114CO
SD-331,2018,Sampled,CO,UNCOMPAHGRE FIELD OFFICE,Salt Desert,Ken Holsinger,,,,Salt Desert or Grassland,Terrestrial AIM ,Random - NOC or SHINY generated design,NO,,,YES,Plot moved 50 m to the east due to slope,6/25/2018,38.69866,-108.2114,R034BY106UT
SD-332,2018,Sampled,CO,UNCOMPAHGRE FIELD OFFICE,Salt Desert,Ken Holsinger,,,,Salt Desert,Terrestrial AIM ,Random - NOC or SHINY generated design,NO,,,NO,,7/12/2018,38.68056,-107.9033,R034BY104UT
SD-333,2018,Sampled,CO,UNCOMPAHGRE FIELD OFFICE,Salt Desert,Ken Holsinger,,,,Salt Desert,Terrestrial AIM ,Random - NOC or SHINY generated design,NO,,,NO,,7/24/2018,38.85852,-107.9933,NO ECOSITE LISTED
SD-334,2018,Sampled,CO,UNCOMPAHGRE FIELD OFFICE,Salt Desert,Ken Holsinger,,,,Salt Desert,Terrestrial AIM ,Random - NOC or SHINY generated design,NO,,,NO,,7/23/2018,38.7855,-108.1309,R034BY404CO
SD-335,2018,Sampled,CO,UNCOMPAHGRE FIELD OFFICE,Salt Desert,Ken Holsinger,,,,Salt Desert,Terrestrial AIM ,Random - NOC or SHINY generated design,NO,,,NO,,7/24/2018,38.65291,-108.1958,R036XY113CO
SD-396,OverSample 2018,Sampled,CO,UNCOMPAHGRE FIELD OFFICE,Salt Desert,Ken Holsinger,,,,Sage Steppe,Terrestrial AIM ,Random - NOC or SHINY generated design,NO,,,NO,,7/17/2018,38.71801,-108.2361,Need To find 2018 Ecosites
SD-397,OverSample 2018,Sampled,CO,UNCOMPAHGRE FIELD OFFICE,Salt Desert,Ken Holsinger,,,,Salt Desert,Terrestrial AIM ,Random - NOC or SHINY generated design,NO,,,NO,,6/4/2018,38.82104,-108.23696,Need To find 2018 Ecosites
SD-398,OverSample 2018,Sampled,CO,UNCOMPAHGRE FIELD OFFICE,Salt Desert,Ken Holsinger,,,,Sage Steppe,Terrestrial AIM ,Random - NOC or SHINY generated design,NO,,,NO,,7/17/2018,38.7357,-108.2094,Need To find 2018 Ecosites
MC-044,2019,Sampled,CO,UNCOMPAHGRE FIELD OFFICE,Mixed Conifer,Ken Holsinger,,,,Mixed Mountain Shrub,Terrestrial AIM ,Random - NOC or SHINY generated design,NO,,,NO,,9/26/2018,38.8172,-107.54768,R048AY228CO
AS-002,2019,Sampled,Colorado,UNCOMPAHGRE FIELD OFFICE,Aspen,Ken Holsinger,,,,Mixed Mountain Shrub,Terrestrial AIM ,Random - NOC or SHINY generated design,NO,,,YES,Slope>50%,9/21/2019,37.9944,-108.1346,NO ECOSITE LISTED
AS-006,Oversample 2018,Rejected,Colorado,UNCOMPAHGRE FIELD OFFICE,Aspen,Ken Holsinger,,Office - Slope > 50%,,,,,,,,,,,,,NA
AS-007,Oversample 2018,Rejected,Colorado,UNCOMPAHGRE FIELD OFFICE,Aspen,Ken Holsinger,,Office - Slope > 50%,,,,,,,,,,,,,NA
AS-009,Oversample 2019,Rejected,Colorado,UNCOMPAHGRE FIELD OFFICE,Aspen,Ken Holsinger,,Office - Slope > 50%,,,,,,,,,,,,,NA
AS-010,Oversample 2019,Rejected,Colorado,UNCOMPAHGRE FIELD OFFICE,Aspen,Ken Holsinger,,Office - Slope > 50%,,,,,,,,,,,,,NA
AS-011,Oversample 2019,Rejected,Colorado,UNCOMPAHGRE FIELD OFFICE,Aspen,Ken Holsinger,,Office - Slope > 50%,,,,,,,,,,,,,NA
GR-022,2019,Sampled,Colorado,UNCOMPAHGRE FIELD OFFICE,Grassland ,Ken Holsinger,,,,Pinon-Juniper,Terrestrial AIM ,Random - NOC or SHINY generated design,NO,,,NO,,7/7/2019,38.3889,-108.6862,R036XY114CO
MC-045,2019,Rejected,Colorado,UNCOMPAHGRE FIELD OFFICE,Mixed Conifer,Ken Holsinger,,Office - Slope > 50%,,,,,,,,,,,,,NA
MC-046,2019,Rejected,Colorado,UNCOMPAHGRE FIELD OFFICE,Mixed Conifer,Ken Holsinger,,Office - Slope > 50%,,,,,,,,,,,,,NA
MC-047,2020,Rejected,Colorado,UNCOMPAHGRE FIELD OFFICE,Mixed-Conifer,Ken Holsinger,,Office - Slope > 50%,,,,,,,,,,,,,NA
MC-048,2020,Sampled,Colorado,UNCOMPAHGRE FIELD OFFICE,Mixed Conifer,Ken Holsinger,,,,Mixed Conifer,Terrestrial AIM ,Random - NOC or SHINY generated design,NO,,,NO,,8/6/2019,38.2895,-107.6031,F048AY918CO
MC-049,2020,Sampled,Colorado,UNCOMPAHGRE FIELD OFFICE,Mixed Conifer,Ken Holsinger,,,,Mixed Mountain Shrub,Terrestrial AIM ,Random - NOC or SHINY generated design,NO,,,YES,Slope>50%,8/25/2019,38.0321,-108.4209,R048AY238CO
MC-050,2021,Rejected,Colorado,UNCOMPAHGRE FIELD OFFICE,Mixed Conifer,Ken Holsinger,,Office - Slope > 50%,,,,,,,,,,,,,NA
MC-051,2021,Rejected,Colorado,UNCOMPAHGRE FIELD OFFICE,Mixed Conifer,Ken Holsinger,,Office - Slope > 50%,,,,,,,,,,,,,NA
MC-052,2021,Sampled,Colorado,UNCOMPAHGRE FIELD OFFICE,Mixed Conifer,Ken Holsinger,,,,Mixed Conifer,Terrestrial AIM ,Random - NOC or SHINY generated design,NO,,,NO,,9/10/2019,38.2906,-107.5986,F048AY449CO
MMS-076,2019,Sampled,Colorado,UNCOMPAHGRE FIELD OFFICE,Mixed Mountain Shrub,Ken Holsinger,,,,Mixed Mountain Shrub,Terrestrial AIM ,Random - NOC or SHINY generated design,NO,,,NO,,6/25/2019,38.3544,-107.9735,R036XY114CO
MMS-077,2019,Rejected,Colorado,UNCOMPAHGRE FIELD OFFICE,Mixed Mountain Shrub,Ken Holsinger,,Field - Slope > 50%,,,,,,,,,,7/17/2019,,,NA
MMS-078,2019,Rejected,Colorado,UNCOMPAHGRE FIELD OFFICE,Mixed Mountain Shrub,Ken Holsinger,,Office - Slope > 50%,,,,,,,,,,,,,NA
MMS-079,2019,Sampled,Colorado,UNCOMPAHGRE FIELD OFFICE,Mixed Mountain Shrub,Ken Holsinger,,,,Pinon -Juniper,Terrestrial AIM ,Random - NOC or SHINY generated design,NO,,,No,,6/7/2019,38.8512,-108.2039,R036XY289CO
MMS-080,2019,Rejected,Colorado,UNCOMPAHGRE FIELD OFFICE,Mixed Mountain Shrub,Ken Holsinger,,Field - >3 miles walking distance,,,,,,,,,,,,,NA
MMS-081,2020,Sampled,Colorado,UNCOMPAHGRE FIELD OFFICE,Mixed Mountain Shrub,Ken Holsinger,"SS, PJ and MMS",,,Mixed Mountain Shrub,Terrestrial AIM ,Random - NOC or SHINY generated design,NO,,,NO,,8/5/2019,38.6083,-107.6204,R048AY247CO
MMS-082,2020,Sampled,Colorado,UNCOMPAHGRE FIELD OFFICE,Mixed Mountain Shrub,Ken Holsinger,"Dominated by SD, but SS and PJ present as well",,,Salt Desert,Terrestrial AIM ,Random - NOC or SHINY generated design,NO,,,No,,8/17/2019,38.7721,-107.6363,R034BY117UT
MMS-083,2020,Not Sampled,Colorado,UNCOMPAHGRE FIELD OFFICE,Mixed Mountain Shrub,Ken Holsinger,"Skipped, sample next year",,,,,,,,,,,,,,NA
MMS-084,2020,Not Sampled,Colorado,UNCOMPAHGRE FIELD OFFICE,Mixed Mountain Shrub,Ken Holsinger,"Skipped, sample next year",,,,,,,,,,,,,,NA
MMS-085,2020,Sampled,Colorado,UNCOMPAHGRE FIELD OFFICE,Mixed Mountain Shrub,Ken Holsinger,,,,Sage-Steppe,Terrestrial AIM ,Random - NOC or SHINY generated design,NO,,,NO,,9/9/2019,38.6482,-107.7198,R048AY306UT
OT-112,2019,Sampled,Colorado,UNCOMPAHGRE FIELD OFFICE,Other,Ken Holsinger,,,,Salt Desert,Terrestrial AIM ,Random - NOC or SHINY generated design,NO,,,NO,,6/18/2019,38.6608,-107.9465,R034BY109UT
PJ-136,2019,Sampled,Colorado,UNCOMPAHGRE FIELD OFFICE,Pinon-Juniper,Ken Holsinger,,,,Mixed Mountain Shrub,Terrestrial AIM ,Random - NOC or SHINY generated design,NO,,,NO,,6/26/2019,38.3463,-107.9944,R036XY114CO
PJ-137,2019,Sampled,Colorado,UNCOMPAHGRE FIELD OFFICE,Pinon-Juniper,Ken Holsinger,,,,Pinon-Juniper,Terrestrial AIM ,Random - NOC or SHINY generated design,NO,,,NO,,7/8/2019,38.3691,-108.6029,R036XY284CO
PJ-138,2019,Sampled,Colorado,UNCOMPAHGRE FIELD OFFICE,Pinon-Juniper,Ken Holsinger,,,,Pinon-Juniper,Terrestrial AIM ,Random - NOC or SHINY generated design,NO,,,NO,,8/3/2019,38.6428,-108.3457,R036XY113CO
PJ-139,2019,Rejected,Colorado,UNCOMPAHGRE FIELD OFFICE,Pinon-Juniper,Ken Holsinger,,Field - Slope > 50%,,,,,,,,,,,,,NA
PJ-140,2019,Sampled,Colorado,UNCOMPAHGRE FIELD OFFICE,Pinon-Juniper,Ken Holsinger,,,,Pinon-Juniper,Terrestrial AIM ,Random - NOC or SHINY generated design,NO,,,No,,7/6/2019,38.4438,-108.7833,R035XY326CO
PJ-141,2020,Sampled,Colorado,UNCOMPAHGRE FIELD OFFICE,Pinon-Juniper,Ken Holsinger,,,,Pinon-Juniper,Terrestrial AIM ,Random - NOC or SHINY generated design,NO,,,NO,,8/24/2019,38.3587,-108.6353,R036XY114CO
PJ-144,2020,Rejected,Colorado,UNCOMPAHGRE FIELD OFFICE,Pinon-Juniper,Ken Holsinger,,Office - Slope > 50%,,,,,,,,,,,,,NA
PP-172,2019,Sampled,Colorado,UNCOMPAHGRE FIELD OFFICE,Ponderosa Pine,Ken Holsinger,,,,Pinon-Juniper,Terrestrial AIM ,Random - NOC or SHINY generated design,NO,,,NO,,8/28/2019,38.6009,-108.2841,R035XY408CO
RI-194,2019,Sampled,Colorado,UNCOMPAHGRE FIELD OFFICE,Riparian,Ken Holsinger,,,,Pinon-Juniper,Terrestrial AIM ,Random - NOC or SHINY generated design,NO,,,YES,Slope >50%,6/30/2019,38.5367,-108.1234,R036XY113CO
RI-195,2019,Sampled,Colorado,UNCOMPAHGRE FIELD OFFICE,Riparian,Ken Holsinger,"Partial sage steppe, but mostly PJ",,,Pinon-Juniper,Terrestrial AIM ,Random - NOC or SHINY generated design,NO,,,NO,,7/22/2019,38.2055,-108.403,UNMATCHABLE
RI-196,2019,Sampled,Colorado,UNCOMPAHGRE FIELD OFFICE,Riparian,Ken Holsinger,,,,Pinon-Juniper,Terrestrial AIM ,Random - NOC or SHINY generated design,NO,,,NO,,7/20/2019,38.2901,-108.764,R036XY113CO
SD-329,2019,Sampled,Colorado,UNCOMPAHGRE FIELD OFFICE,Salt Desert,Ken Holsinger,,,,Salt Desert,Terrestrial AIM ,Random - NOC or SHINY generated design,NO,,,No,,6/9/2019,38.8002,-108.2447,R034XY410CO
SD-336,2019,Sampled,Colorado,UNCOMPAHGRE FIELD OFFICE,Salt Desert,Ken Holsinger,,,,Salt Desert,Terrestrial AIM ,Random - NOC or SHINY generated design,NO,,,,,6/10/2019,38.7883,-107.8671,R034XY403CO
SD-337,2019,Sampled,Colorado,UNCOMPAHGRE FIELD OFFICE,Salt Desert,Ken Holsinger,,,,Salt Desert,Terrestrial AIM ,Random - NOC or SHINY generated design,No,,,No,,6/8/2019,38.8381,-108.3141,R034XY404CO
SD-338,2019,Sampled,Colorado,UNCOMPAHGRE FIELD OFFICE,Salt Desert,Ken Holsinger,,,,Salt Desert,Terrestrial AIM ,Random - NOC or SHINY generated design,No,,,,,5-Jun,38.7892,-108.1131,R034XY404CO
SD-339,2019,Sampled,Colorado,UNCOMPAHGRE FIELD OFFICE,Salt Desert,Ken Holsinger,,,,Sage Steppe,Terrestrial AIM ,Random - NOC or SHINY generated design,NO,,,,,5/30/2019,38.528,-108.084,R036XY113CO
SD-340,2019,Sampled,Colorado,UNCOMPAHGRE FIELD OFFICE,Salt Desert,Ken Holsinger,,,,Salt Desert,Terrestrial AIM ,Random - NOC or SHINY generated design,NO,,,NO,,6/21/2019,38.5051,-107.7844,R034BY006UT
SD-341,2019,Sampled,Colorado,UNCOMPAHGRE FIELD OFFICE,Salt Desert,Ken Holsinger,,,,Salt Desert,Terrestrial AIM ,Random - NOC or SHINY generated design,NO,,,NO,,6/5/2019,38.8086,-108.1982,R034XY402CO
SD-342,2019,Sampled,Colorado,UNCOMPAHGRE FIELD OFFICE,Salt Desert,Ken Holsinger,Some Sage and Juniper present as well,,,Salt Desert,Terrestrial AIM ,Random - NOC or SHINY generated design,NO,,,No,,7/6/2019,38.4448,-108.8393,R035XY326CO
SD-343,2019,Sampled,Colorado,UNCOMPAHGRE FIELD OFFICE,Salt Desert,Ken Holsinger,,,,Salt Desert,Terrestrial AIM ,Random - NOC or SHINY generated design,No,,,NO,,7/23/2019,38.7667,-108.2646,R034XY401CO
SD-344,2019,Sampled,Colorado,UNCOMPAHGRE FIELD OFFICE,Salt Desert,Ken Holsinger,,,,Salt Desert,Terrestrial AIM ,Random - NOC or SHINY generated design,NO,,,NO,,6/20/2019,38.5509,-107.8672,R034BY104UT
SD-345,2019,Rejected,Colorado,UNCOMPAHGRE FIELD OFFICE,Salt Desert,Ken Holsinger,,Field - Slope > 50%,,,,,NO,,,,,,,,NA
SD-346,2019,Rejected,Colorado,UNCOMPAHGRE FIELD OFFICE,Salt Desert,Ken Holsinger,,Archeology Site,,,,,,,,,,,,,NA
SD-347,2019,Sampled,Colorado,UNCOMPAHGRE FIELD OFFICE,Salt Desert,Ken Holsinger,,,,Salt Desert,Terrestrial AIM ,Random - NOC or SHINY generated design,NO,,,NO,,8/1/2019,38.6826,-108.2498,R034BY106UT
SD-348,2019,Sampled,Colorado,UNCOMPAHGRE FIELD OFFICE,Salt Desert,Ken Holsinger,,,,Salt Desert,Terrestrial AIM ,Random - NOC or SHINY generated design,NO,,,NO,,6/19/2019,38.6539,-107.9288,R034BY109UT
SD-349,2019,Rejected,Colorado,UNCOMPAHGRE FIELD OFFICE,Salt Desert,Ken Holsinger,,Office - Slope > 50%,,,,,,,,,,,,,NA
SD-350,2019,Sampled,Colorado,UNCOMPAHGRE FIELD OFFICE,Salt Desert,Ken Holsinger,,,,Salt Desert,Terrestrial AIM ,Random - NOC or SHINY generated design,NO,,,,,5/29/2019,38.6715,-107.957,R034BY104UT
SD-351,2020,Rejected,Colorado,UNCOMPAHGRE FIELD OFFICE,Salt Desert,Ken Holsinger,,Field - Slope > 50%,,,,,,,,,,,,,NA
SD-352,2020,Sampled,Colorado,UNCOMPAHGRE FIELD OFFICE,Salt Desert,Ken Holsinger,,,,Salt Desert,Terrestrial AIM ,Random - NOC or SHINY generated design,NO,,,NO,,9/4/2019,38.7597,                                                                                                                                                                                                                                                                                                                                                                                                                                                                                                                                                                                                                                                                                                                                                                                                                                                                                                                                                                                                                                                                                                                                                                                                                                                                                                                                                                                                                                                                                                                                                                                                                                                                                                                                                                                                                                                                                                                                                                                                                                                                                                                                                                                                                                                                                                                                                                                                                                                                                                                                                                                                                                                                                                                                                                                                                                                                                                                                                                                                                                                                                                                                                              ,R034BY109UT
SD-353,2020,Sampled,Colorado,UNCOMPAHGRE FIELD OFFICE,Salt Desert,Ken Holsinger,,,,Salt Desert,Terrestrial AIM ,Random - NOC or SHINY generated design,NO,,,NO,,8/26/2019,38.8093,-108.3081,R035XY408CO
SD-354,2020,Sampled,Colorado,UNCOMPAHGRE FIELD OFFICE,Salt Desert,Ken Holsinger,Old open pit uranium mine,,,Salt Desert,Terrestrial AIM ,Random - NOC or SHINY generated design,NO,,,NO,,8/23/2019,38.2352,-108.7469,R035XY408CO
SS-237,2019,Sampled,Colorado,UNCOMPAHGRE FIELD OFFICE,Sage-Steppe,Ken Holsinger,,,,Sage-Steppe,Terrestrial AIM ,Random - NOC or SHINY generated design,NO,,,NO,,6/29/2019,38.4602,-108.0843,R036XY113CO
SS-238,2019,Sampled,Colorado,UNCOMPAHGRE FIELD OFFICE,Sage Steppe,Ken Holsinger,,,,Mixed Mountain Shrub,Terrestrial AIM ,Random - NOC or SHINY generated design,NO,,,No,,8/16/2019,38.8991,-107.6652,R048AY247CO
SS-239,2019,Sampled,Colorado,UNCOMPAHGRE FIELD OFFICE,Sage-Steppe,Ken Holsinger,,,,Pinon-Juniper,Terrestrial AIM ,Random - NOC or SHINY generated design,NO,,,NO,,8/2/2019,38.6038,-108.3367,R036XY325CO
SS-240,2019,Sampled,Colorado,UNCOMPAHGRE FIELD OFFICE,Sage Steppe,Ken Holsinger,,,,Pinon-Juniper,Terrestrial AIM ,Random - NOC or SHINY generated design,NO,,,YES,Slope >50%,7/18/2019,38.2449,-109.052,R035XY315UT
SS-241,2019,Sampled,Colorado,UNCOMPAHGRE FIELD OFFICE,Sage Steppe,Ken Holsinger,,,,Sage Steppe,Terrestrial AIM ,Random - NOC or SHINY generated design,NO,,,,,5/22/2019,38.4995,-108.0388,R036XY113CO
SS-242 ,2019,Sampled,Colorado,UNCOMPAHGRE FIELD OFFICE,Sage Steppe,Ken Holsinger,,,,Salt Desert,Terrestrial AIM ,Random - NOC or SHINY generated design,NO,,,Yes,Slope >50%,6/9/2019,38.7695,-107.7384,R034XY403CO
SS-243,2019,Sampled,Colorado,UNCOMPAHGRE FIELD OFFICE,Sage-Steppe,Ken Holsinger,,,,Sage-Steppe,Terrestrial AIM ,Random - NOC or SHINY generated design,NO,,,NO,,8/1/2019,38.6491,-108.2661,R036XY113CO
SS-244,2019,Sampled,Colorado,UNCOMPAHGRE FIELD OFFICE,Sage-Steppe,Ken Holsinger,,,,Sage-Steppe,Terrestrial AIM ,Random - NOC or SHINY generated design,NO,,,NO,,8/4/2019,38.5366,-108.2661,R036XY113CO
SS-245,2019,Sampled,Colorado,UNCOMPAHGRE FIELD OFFICE,Sage Steppe,Ken Holsinger,,,,Mixed Mountain Shrub,Terrestrial AIM ,Random - NOC or SHINY generated design,NO,,,NO,,6/19/2019,38.3991,-108.0615,R036XY114CO
SS-246,2019,Sampled,Colorado,UNCOMPAHGRE FIELD OFFICE,Sage Steppe,Ken Holsinger,,,,Sage Steppe (No sage but transitioning to Sage steppe),Terrestrial AIM ,Random - NOC or SHINY generated design,NO,,,Yes,"Transect crossed road, moved east",6/6/2019,38.8264,-108.2061,R034XY404CO
SS-247,2019,Sampled,Colorado,UNCOMPAHGRE FIELD OFFICE,Sage Steppe,Ken Holsinger,,,,Sage Steppe,Terrestrial AIM ,Random - NOC or SHINY generated design,NO,,,No,,7/7/2019,38.4113,-108.7685,R035XY326CO
SS-248,2019,Sampled,Colorado,UNCOMPAHGRE FIELD OFFICE,Sage-Steppe,Ken Holsinger,Some Ponderosa Pine,,,Pinon-Juniper,Terrestrial AIM ,Random - NOC or SHINY generated design,NO,,,No,,7/21/2019,38.2485,-108.6462,R036XY114CO
SS-249,2019,Rejected,Colorado,UNCOMPAHGRE FIELD OFFICE,Sage-Steppe,Ken Holsinger,,Office - Slope > 50%,,,,,,,,,,,,,NA
SS-250,2019,Sampled,Colorado,UNCOMPAHGRE FIELD OFFICE,Sage Steppe,Ken Holsinger,Raft to,,,Pinon-Juniper,Terrestrial AIM ,Random - NOC or SHINY generated design,NO,,,NO,,9/8/2019,38.7294,-107.8351,SOMETHING WRONG WITH COORDINATES???
SS-251,2019,Sampled,Colorado,UNCOMPAHGRE FIELD OFFICE,Sage-Steppe,Ken Holsinger,,,,Sage-Steppe,Terrestrial AIM ,Random - NOC or SHINY generated design,NO,,,No,,7/19/2019,38.2968,-108.9681,R036XY325CO
SS-252,2019,Sampled,Colorado,UNCOMPAHGRE FIELD OFFICE,Sage-Steppe,Ken Holsinger,,,,Pinon-Juniper,Terrestrial AIM ,Random - NOC or SHINY generated design,NO,,,No,,7/22/2019,38.2274,-108.3756,R035XY325CO
SS-253,2020,Sampled,Colorado,UNCOMPAHGRE FIELD OFFICE,Sage-Steppe,Ken Holsinger,,,,Pinon-Juniper,Terrestrial AIM ,Random - NOC or SHINY generated design,NO,,,NO,,9/6/2019,38.4786,-108.1009,No ecosite listed
SS-254,2020,Sampled,Colorado,UNCOMPAHGRE FIELD OFFICE,Sage Steppe,Ken Holsinger,"Some MMS qualities, mostly GR",,,Grassland,Terrestrial AIM ,Random - NOC or SHINY generated design,NO,,,YES,Slope >50%,8/15/2019,38.8846,-107.5297,No ecosite listed
SS-262,2020,Rejected,Colorado,UNCOMPAHGRE FIELD OFFICE,Sage-Steppe,Ken Holsinger,,Office - Slope > 50%,,,,,,,,,,,,,
AS-003,2020,REJECTED,,,,Ken Holsinger,,,,,,,NO,,,,,,,,NA
AS-004,2021,Sampled,CO,UFO,AS,Ken Holsinger,,,,PJ,Master,Random,NO,,,NO,,9/24/2020,38.09819,-107.69923,R048AY247CO Deep Clay Loam
GR-023,2020,Sampled,CO,UFO,GR,Ken Holsinger,,,,PJ,Master,Random,NO,,,NO,,7/5/2020,38.119300431905,-108.619058544978,R036XY287CO Stony Foothills
MC-053,2022,REJECTED,CO,UFO,MC,Ken Holsinger,,,,,Master,Random,NO,,,,,,,,NA
MC-054,2022,REJECTED,CO,UFO,MC,Ken Holsinger,,,,,Master,Random,NO,,,,,,,,NA
MC-055,2022,REJECTED,CO,UFO,MC,Ken Holsinger,,,,,Master,Random,NO,,,,,,,,NA
MC-059,OverSample 2019,REJECTED,CO,UFO,MC,Ken Holsinger,,,,,,,,,,,,,,,NA
MC-060,OverSample 2019,REJECTED,CO,UFO,MC,Ken Holsinger,,,,,,,,,,,,,,,NA
MC-061,OverSample 2019,REJECTED,CO,UFO,MC,Ken Holsinger,,,,,,,,,,,,,,,NA
MC-062,OverSample 2020,REJECTED,CO,UFO,MC,Ken Holsinger,,,,,,,,,,,,,,,NA
MC-063,OverSample 2020,REJECTED,CO,UFO,MC,Ken Holsinger,,,,,,,,,,,,,,,NA
MC-064,OverSample 2020,REJECTED,CO,UFO,MC,Ken Holsinger,,,,,,,,,,,,,,,NA
MC-065,OverSample 2021,REJECTED,CO,UFO,MC,Ken Holsinger,,,,,,,,,,,,,,,NA
MC-066,OverSample 2021,Sampled,CO,UFO,MC,Ken Holsinger,,,,MC,Master,Random,NO,,,NO,,10/8/2020,38.28327,-107.63686,F048AY918CO Spruce-Fir Woodland
MC-067,OverSample 2021,REJECTED,CO,UFO,MC,Ken Holsinger,,,,,,,,,,,,,,,NA
MC-068,OverSample 2022,Sampled,CO,UFO,MC,Ken Holsinger,,,,"MC, OCCASIONAL ASPEN",Master,Random,NO,,,NO,,9/29/2020,38.33489,-107.63872,F048AY918CO Spruce-Fir Woodland
MC-069,OverSample 2022,REJECTED,CO,UFO,MC,Ken Holsinger,,,,,,,,,,,,,,,NA
MC-070,OverSample 2022,Sampled,CO,UFO,MC,Ken Holsinger,,,,MC,Master,Random,NO,,,NO,,9/29/2020,38.33426,-107.62959,F048AY918CO Spruce-Fir Woodland
MMS-083,2020,Sampled,CO,UFO,MMS,Ken Holsinger,,,,"PJ, Some MMS present but mostly PJ",Master,Random,NO,,,NO,,7/21/2020,38.3885701332111,-108.049334235663,R036XY114CO Mountain Pinyon
MMS-084,2020,Sampled,CO,UFO,MMS,Ken Holsinger,,,,MMS,Master,Random,NO,,,NO,,8/17/2020,38.0621833,-108.4441899,R034XY403CO Clayey Saltdesert
MMS-086,2021,REJECTED,,,,Ken Holsinger,,,,,Master,Random,NO,,,,,,,,NA
MMS-087,2021,Sampled,CO,UFO,MMS,Ken Holsinger,,,,MMS,Master,Random,NO,,,NO,,8/2/2020,38.6852982630925,-108.478273300807,R036XY328CO Semidesert Clay Loam
MMS-088,2021,Sampled,CO,UFO,MMS,Ken Holsinger,,,,PJ,Master,Random,NO,,,NO,,7/22/2020,"38.35883954745211,",-107.765986291866,R036XY325CO Semidesert Loam
MMS-089,2020,Sampled,CO,UFO,MMS,Ken Holsinger,,,,MMS,Master,Random,NO,,,YES,SLOPE OVER 50%,9/15/2020,38.59330745,-107.60423346,R048AY306UT Upland Loam (Wyoming Big Sagebrush)
OT-113,2020,Sampled,CO,UFO,OT,Ken Holsinger,,,,PJ,Master,Random,NO,,,NO,,7/1/2020,38.32130573,-108.9998052,R036XY141CO Shallow Loamy Mesa Top - (Pinyon-Juniper)
PJ-142,2020,Sampled,CO,UFO,PJ,Ken Holsinger,,,,"PJ, MMS ALSO COMMON",Master,Random,NO,,,YES,SLOPE OVER 50%,8/4/2020,38.5912101029546,-108.276090836934,R036XY287CO Stony Foothills
PJ-143,2020,Sampled,CO,UFO,PJ,Ken Holsinger,,,,PJ,Master,Random,NO,,,NO,,7/29/2020,38.3697572181594,-107.964883012989,R036XY113CO Semidesert Juniper Loam
PJ-144,2020,REJECTED,,,,Ken Holsinger,,,,,Master,Random,NO,,,,,,,,NA
PJ-145,2020,REJECTED,,,,Ken Holsinger,,,,,Master,Random,NO,,,,,,,,NA
PJ-146,2021,Sampled,CO,UFO,PJ,Ken Holsinger,,,,PJ,Master,Random,NO,,,NO,,8/15/2020,38.5369884,-108.7221204,R048AY238CO Brushy Loam
PJ-147,2021,Sampled,CO,UFO,PJ,Ken Holsinger,,,,PJ,Master,Random,NO,,,NO,,9/14/2020,38.70041686,-107.8255999,R036XY287CO Stony Foothills
PJ-148,2021,Sampled,CO,UFO,PJ,Ken Holsinger,,,,"PJ, OCCASSIONAL SAGE",Master,Random,NO,,,NO,,10/11/2020,38.34911,-108.98593,R036XY142CO Loamy Mesa Top - (Pinyon-Juniper)
PP-173,2020,Sampled,,,PP,Ken Holsinger,,,,MMS,Master,Random,NO,,,NO,,7/20/2020,38.2861878133077,-107.883448670561,R036XY114CO Mountain Pinyon
RI-197,2020,REJECTED,,,,Ken Holsinger,,,,,Master,Random,NO,,,,,,,,NA
RI-198,2020,Sampled,CO,UFO,RI,Ken Holsinger,,,,PJ ( some salt desert species but primarily hit PJ on LPI and shallow soils ) ,Master,Random,NO,,,NO,,7/18/2020,38.6321288678196,108.197564207904,R036XY113CO Semidesert Juniper Loam
RI-199,2020,Sampled,CO,UFO,RI,Ken Holsinger,,,,SS,Master,Random,NO,,,NO,,7/2/2020,38.2211268690066,-108.667157372468,R034XY401CO Loamy Saltdesert
RI-200,2021,Sampled,CO,UFO,RI,Ken Holsinger,,,,PJ,Master,Random,NO,,,YES,UNSAFE TO SAMPLE (LARGE CLIFFS WITHIN PLOT),8/16/2020,38.4195772,-108.6362707,R036XY142CO Loamy Mesa Top - (Pinyon-Juniper)
SD-355,2020,Sampled,CO,UFO,SD,Ken Holsinger,,,,SD,Master,Random,NO,,,NO,,7/19/2020,38.5362927635959,-108.052040503346,R036XY325CO Semidesert Loam
SD-356,2020,Sampled,CO,UFO,SD,Ken Holsinger,,,,SD,Master,Random,NO,,,NO,,6/11/2020,38.6200715346673,-107.882094926447,R034BY006UT Alkali Flat (Greasewood)
SD-357,2020,Sampled,CO,UFO,SD,Ken Holsinger,,,,SD,Master,Random,NO,,,NO,,6/19/2020,38.8514054969025,-108.274200704513,R034XY404CO Stony Saltdesert
SD-358,2020,Sampled,CO,UFO,SD,Ken Holsinger,,,,PJ,Master,Random,NO,,,NO,,8/16/2020,38.3714317,-108.5908991,R034XY401CO Loamy Saltdesert
SD-359,2020,Sampled,CO,UFO,SD,Ken Holsinger,,,,SD,Master,Random,NO,,,NO,,8/1/2020,38.7336838440947,-108.237714758853,R034BY112UT Desert Sand (Fourwing Saltbush)
SD-360,2020,Sampled,CO,UFO,SD,Ken Holsinger,,,,SD,Master,Random,NO,,,YES,INTERSECTED A ROAD,6/9/2020,38.56050883,-107.81132281,R034XY410CO Silty Saltdesert
SD-361,2020,Sampled,CO,UFO,SD,Ken Holsinger,,,,SD,Master,Random,NO,,,YES,SLOPE OVER 50%,6/16/2020,38.8234857452263,-108.027475810748,R034BY106UT Desert Loam (Shadscale)
SD-362,2020,Sampled,CO,UFO,SD,Ken Holsinger,,,,PJ,Master,Random,NO,,,YES,SLOPE OVER 50%,8/14/2020,38.5304874,-108.7763971,R036XY114CO Mountain Pinyon
SD-363,2020,Sampled,CO,UFO,SD,Ken Holsinger,,,,SD,Master,Random,NO,,,YES,CROSSED A ROAD,7/17/2020,38.6186232426252,-108.150455411027,R036XY113CO Semidesert Juniper Loam
SD-364,2020,Sampled,CO,UFO,SD,Ken Holsinger,,,,SD,Master,Random,NO,,,YES,CROSSED A FENCE (PRIVATE),6/15/2020,38.693621194884,-107.907232042912,R034BY109UT Desert Loamy Clay (Shadscale)
SD-365,2020,Sampled,CO,UFO,SD,Ken Holsinger,,,,SD,Master,Random,NO,,,YES,SLOPE OVER 50%,6/18/2020,38.849836050312,-108.109569440886,R034XY404CO Stony Saltdesert
SD-366,2021,Sampled,CO,UFO,SD,Ken Holsinger,,,,SD,Master,Random,NO,,,YES,SLOPE OVER 50%,6/18/2020,38.7923221753457,-108.05237833757,R036XY326CO Semidesert Sandy Loam
SD-367,2021,Sampled,CO,UFO,SD,Ken Holsinger,,,,"SD, PJ AND SAGE ENCROACHING (based on soils and GE would lean towards SD) ",Master,Random,NO,,,NO,,6/17/2020,38.3967139707207,-107.77745559455,R034BY109UT Desert Loamy Clay (Shadscale)
SD-368,2021,Sampled,CO,UFO,SD,Ken Holsinger,,,,SD,Master,Random,NO,,,NO,,8/3/2020,38.7684124959295,-107.880063197672,R034BY106UT Desert Loam (Shadscale)
SD-369,2021,Sampled,CO,UFO,SD,Ken Holsinger,,,,"SD, OCCASIONAL JUNIPER",Master,Random,NO,,,NO,,7/31/2020,38.82509242,-108.35060259,R036XY445CO Steep Colluvial Slopes
SS-255,2020,Sampled,CO,UFO,SS,Ken Holsinger,,,,PJ,Master,Random,NO,,,NO,,8/3/2020,38.6930357560061,-108.390874475223,R036XY114CO Mountain Pinyon
SS-256,2020,Sampled,CO,UFO,SS,Ken Holsinger,,,,PJ,Master,Random,NO,,,NO,,8/18/2020,38.4518064,-108.6827562,R036XY114CO Mountain Pinyon
SS-257,2020,Sampled,CO,UFO,SS,Ken Holsinger,,,,"SD, SAGE PRESENT AND JUNIPER ENCROACHING",Master,Random,NO,,,NO,,6/30/2020,38.5244586034308,-108.052468556672,R036XY113CO Semidesert Juniper Loam
SS-258,2020,Sampled,CO,UFO,SS,Ken Holsinger,,,,PJ,Master,Random,NO,,,NO,,7/17/2020,38.5953193042281,-108.139689680804,R036XY113CO Semidesert Juniper Loam
SS-259,2020,Sampled,CO,UFO,SS,Ken Holsinger,,,,PJ,Master,Random,NO,,,NO,,7/30/2020,38.7923868052851,-108.3445691994,R036XY315UT Upland Shallow Loam (Pinyon/Utah Juniper)
SS-260,2020,Sampled,CO,UFO,SS,Ken Holsinger,,,,"PJ, OCCASIONAL SAGE ( shallow soils) ",Master,Random,NO,,,NO,,7/5/2020,38.1693825256612,-108.565794597195,R036XY287CO Stony Foothills
SS-261,2020,Sampled,CO,UFO,SS,Ken Holsinger,,,,PJ co-dominant Sage,Master,Random,NO,,,YES,PLOT ONTERSECTED A ROAD,6/4/2020,38.335965153,-107.894037685283,R036XY114CO Mountain Pinyon
"SS-262 Note:leave in for now, rejected last year",2020,Sampled,CO,UFO,SS,Ken Holsinger,,,,SD,Master,Random,NO,,,YES,SLOPE VOER 50%,8/1/2020,38.817056023403,-108.197257235961,R034BY404CO Stony Saltdesert
SS-263,2020,REJECTED,,,,Ken Holsinger,,,,,Master,Random,NO,,,,,,,,NA
SS-264,2020,Sampled,CO,UFO,SS,Ken Holsinger,,,,PJ ( ARTRW8 is common but very shallow soils) ,Master,Random,NO,,,NO,,7/2/2020,38.2363192313871,-108.619865412251,R036XY114CO Mountain Pinyon
SS-265,2020,Sampled,CO,UFO,SS,Ken Holsinger,,,,PJ (Current strata seems to be PJ however this may be because of encrochment as ARTRW8 is also common on site and soils up to 70cm (loamy)) ,Master,Random,NO,,,NO,,7/16/2020,38.3908728654022,-107.907726516648,R036XY325CO Semidesert Loam
SS-266,2020,REJECTED,,,,Ken Holsinger,,,,,Master,Random,NO,,,,,,,,NA
SS-267,2020,Sampled,CO,UFO,SS,Ken Holsinger,,,,SS,Master,Random,NO,,,NO,,7/3/2020,38.2160895462481,-108.857466306229,R036XY284CO Loamy Foothills
SS-268,2020,Sampled,CO,UFO,SS,Ken Holsinger,,,,SS,Master,Random,NO,,,NO,,7/6/2020,38.2267230620029,-108.306767609701,R036XY284CO Loamy Foothills
SS-269,2021,Sampled,CO,UFO,SS,Ken Holsinger,,,,SS,Master,Random,NO,,,NO,,7/19/2020,38.5159427621773,-108.148494061291,R036XY325CO Semidesert Loam
SS-270,2021,Sampled,CO,UFO,SS,Ken Holsinger,,,,MMS,Master,Random,NO,,,NO,,8/19/2020,38.8511779,-107.5292613,R036XY289CO Clayey Foothills
SS-271,2021,Sampled,CO,UFO,SS,Ken Holsinger,,,,SD,Master,Random,NO,,,NO,,9/13/2020,38.7231001,-108.2523588,R034XY401CO Loamy Saltdesert
SS-272,2021,Sampled,CO,UFO,SS,Ken Holsinger,,,,"SD, JUNIPER ALSO COMMON",Master,Random,NO,,,NO,,9/11/2020,38.35884,-108.64663,R036XY325CO Semidesert Loam
AS-005,2022,Rejection,CO,UFO,AS,Ken Holsinger,,Office - Slope over 50%/ private access,,Rejected,Terrestrial AIM ,Random   ,No,NA,NA,NA,NA,NA,NA,NA,NA
AS-006,Oversample 2018,Rejected,CO,UFO,AS,Ken Holsinger,Other crew did reject in 2018â€¦,Office - Access and prior reject,Couldn't find land owners number. Also reason it was rejected in 2018,Rejected,Terrestrial AIM ,Random   ,No,NA,NA,NA,NA,NA,NA,NA,NA
AS-007,Oversample 2018,Rejection,CO,UFO,AS,Ken Holsinger,,Office-Slope over 50%,,,,,,,,,,,,,NA
AS-009,Oversample 2019,Rejection,,,,Ken Holsinger,,Office-Slope over 50%,,,,,,,,,,,,,NA
AS-010,Oversample 2019,Rejection,,,,Ken Holsinger,,Office-Slope over 50%,,,,,,,,,,,,,NA
AS-011,Oversample 2019,Rejection,,,,Ken Holsinger,,Office-Slope over 50%,,,,,,,,,,,,,NA
AS-012,Oversample 2020,(Not in tablet in 2021. Looks like it could be sampled if we can access the extremely small parcel of BLM land. ,,,,Ken Holsinger,,,,,,,,,,,,,,,NA
GR-024,2021,Sampled,CO,UFO,GR,Ken Holsinger,,NA,,PJ,Terrestrial AIM ,Random   ,No,NA,NA,No,NA,9/13/2021,38.7131384818898,-108.38539803059,R036XY287CO Stony Foothills
OT-114,2021,Rejected,CO,UFO,OT,Ken Holsinger,,Field - Slope over 50%,Had to move East due to private property. On plot had a significant portion at about 56%. Also had flowing water that fell just inside the plot. ,Rejected,Terrestrial AIM ,Random   ,No,NA,NA,NA,NA,NA,NA,NA,NA
OT-115,2022,Rejected,CO,UFO,OT,Ken Holsinger,,Field - Slope over 50%,,Rejected,Terrestrial AIM ,Random   ,No,NA,NA,NA,NA,NA,NA,NA,NA
OT-116,Oversample 2018,Rejected,CO,UFO,OT,Ken Holsinger,,Office - Slope over 50%,,Rejected,Terrestrial AIM ,Random   ,No,NA,NA,NA,NA,NA,NA,NA,NA
PP-174,2021,Rejected,CO,UFO,PP,Ken Holsinger,,Office - Slope over 50%,,Rejected,Terrestrial AIM ,Random   ,No,NA,NA,NA,NA,NA,NA,NA,NA
PP-175,2022,Sampled ,CO,UFO,PP,Ken Holsinger,,NA,,PJ,Terrestrial AIM ,Random   ,No,NA,NA,No,NA,6/18/2021,38.3686954960693,-109.049066238137,R036XY284CO Loamy Foothills
MMS-090,2021,Sampled ,CO,UFO,MMS,Ken Holsinger,,NA,,Salt desert,Terrestrial AIM ,Random   ,No,NA,NA,Yes,Moved 50m South due to powerline road.,7/30/2021,38.7839725617877,-107.708370454665,R034XY403CO Clayey Saltdesert
MMS-091,2022,Sampled,CO,UFO,MMS,Ken Holsinger,,NA,,MMS,Terrestrial AIM ,Random   ,No,NA,NA,No,NA,9/22/2021,38.3709537778403,-108.069050951134,R048AY238CO Brushy Loam
MMS-092,2022,Sampled,CO,UFO,MMS,Ken Holsinger,,NA,,Sage Steppe,Terrestrial AIM ,Random   ,No,NA,NA,No,NA,8/10/2021,38.2669851072948,-107.73359686388,R036XY289CO Clayey Foothills
MMS-093,2022,Sampled,CO,UFO,MMS,Ken Holsinger,,NA,,MMS,Terrestrial AIM ,Random   ,No,NA,NA,No,NA,8/29/2021,38.6247048840923,-107.697617708432,R036XY346CO Cobbly Foothills
MMS-094,2022,Sampled,CO,UFO,MMS,Ken Holsinger,see other comment,NA,,MMS,Terrestrial AIM ,Random   ,No,NA,NA,No,NA,8/28/2021,38.8554087525138,-107.507473650565,R036XY289CO Clayey Foothills
RI-201,2021,Rejected,CO,UFO,RI,Ken Holsinger,,Field reject - Over 50% slope,Couldn't move to avoid the steep slope,Rejected,Terrestrial AIM ,Random   ,No,NA,NA,NA,NA,NA,NA,NA,NA
RI-202,2021,Sampled,CO,UFO,RI,Ken Holsinger,,NA,,Salt desert,Terrestrial AIM ,Random   ,No,NA,NA,Yes,Moved 50m South due to proximity to private.,7/29/2021,38.8315310099373,-108.032427225404,R034BY006UT Alkali Flat (Greasewood)
RI-203,2022,Sampled,CO,UFO,RI,Ken Holsinger,,NA,,PJ,Terrestrial AIM ,Random   ,No,NA,NA,No,NA,6/20/2021,38.5169894989014,-108.764651790145,R036XY114CO Mountain Pinyon
RI-204,2022,Sampled,CO,UFO,RI,Ken Holsinger,,NA,,Salt Desert,Terrestrial AIM ,Random   ,No,NA,NA,Yes,Moved 50m West to avoid Escalante Canyon Rd as well as private property. ,8/2/2021,38.7204913144672,-108.268942907841,R035XY109UT Desert Loam Shadscale
PJ-149,2021,Sampled,CO,UFO,PJ,Ken Holsinger,,NA,,PJ,Terrestrial AIM ,Random   ,No,NA,NA,No,NA,7/17/2021,38.4683457851035,-108.697310482416,R036XY284CO Loamy Foothills
PJ-150,2021,Sampled,CO,UFO,PJ,Ken Holsinger,,NA,,PJ,Terrestrial AIM ,Random   ,No,NA,NA,Yes,Moved East 50m away from mesa edge. Long steep hike do early or late in season due to heat and access off raft. ,10/3/2021,38.8052526898217,-108.34966390342,R036XY141CO Shallow Loamy Mesa Top (Pinyon-Juniper)
PJ-151,2022,Sampled,CO,UFO,PJ,Ken Holsinger,,NA,,SS,Terrestrial AIM ,Random   ,No,NA,NA,No,NA,7/13/2021,38.5494422419269,-108.167317278394,R036XY325CO Semidesert Loam
PJ-152,2022,Sampled,CO,UFO,PJ,Ken Holsinger,,NA,,PJ,Terrestrial AIM ,Random   ,No,NA,NA,No,NA,8/26/2021,38.1336811,-108.5387778,R0356XY445CO Steep Colluvial Slopes
PJ-153,2022,Sampled,CO,UFO,PJ,Ken Holsinger,,NA,,PJ,Terrestrial AIM ,Random   ,No,NA,NA,Yes,Moved 50m West to avoid slope and road cut,8/25/2021,38.0363708219407,-108.077407979081,R036XY113CO Semidesert Juniper Loam
PJ-154,2022,Sampled,CO,UFO,PJ,Ken Holsinger,,NA,,PJ,Terrestrial AIM ,Random   ,No,NA,NA,Yes,Over 50% slope (cliff edge),7/16/2021,38.248289092729,-108.976417568453,R036XY114CO Mountain Pinyon
SD-370,2021,Sampled,CO,UFO,SD,Ken Holsinger,,NA,,PJ,Terrestrial AIM ,Random   ,No,NA,NA,No,NA,6/17/2021,38.330861,-108.9396531,R036XY141CO Shallow Loamy Mesa Top (Pinyon-Juniper)
SD-371,2021,Sampled,CO,UFO,SD,Ken Holsinger,,NA,,SD,Terrestrial AIM ,Random   ,No,NA,NA,Yes,Moved N for slope and unstable soil,7/3/2021,38.7107886047391,-108.254384552529,R034BY233UT Semidesert Shallow Loam (Utah Juniper-Pinyon)
SD-372,2021,Sampled,CO,UFO,SD,Ken Holsinger,,NA,,Salt Desert,Terrestrial AIM ,Random   ,No,NA,NA,Yes,50 m E to avoid slope,6/30/2021,38.6339685,-107.9147312,R034BY328CO Semidesert Clay Loam
SD-373,2021,Sampled,CO,UFO,SD,Ken Holsinger,,NA,,SD,Terrestrial AIM ,Random   ,No,NA,NA,Yes,50 m S to less disturbed/more representative area,6/1/2021,38.7908033,-108.2607071,R034XY401CO Loamy Saltdesert
SD-374,2021,Sampled,CO,UFO,SD,Ken Holsinger,,NA,,PJ,Terrestrial AIM ,Random   ,No,NA,NA,Yes,Moved north for road,7/18/2021,38.2402102819617,-108.622223350543,R048AY245CO Mountain Swale
SD-375,2021,Sampled,CO,UFO,SD,Ken Holsinger,,NA,,SD,Terrestrial AIM ,Random   ,No,NA,NA,No,NA,6/4/2021,38.7272711279793,-108.196138071818,R034XY401CO Loamy Saltdesert
SD-376,2021,Rejected ,CO,UFO,SD,Ken Holsinger,,Slope over 50% - Also lots of disturbance from single tracks. Only 4 species total on plot and two lines with gaps from 0cm - 2500cm,,Rejected,Terrestrial AIM ,Random   ,No,NA,NA,NA,NA,NA,NA,NA,NA
SD-377,2021,Sampled,CO,UFO,SD,Ken Holsinger,,NA,,SD,Terrestrial AIM ,Random   ,No,NA,NA,No,NA,6/1/2021,38.8044381475011,-108.022400115619,R034XY262CO Salt Flats
SD-378,2021,Sampled,CO,UFO,SD,Ken Holsinger,,NA,,SD,Terrestrial AIM ,Random   ,No,NA,NA,No,NA,5/26/2021,38.6502914273551,-108.143296631598,R036XY325CO Semidesert Loam
SD-379,2021,Sampled,CO,UFO,SD,Ken Holsinger,,NA,,SD,Terrestrial AIM ,Random   ,No,NA,NA,No,NA,5/27/2021,38.6896105188444,-108.172409548501,R034BY106UT Desert Loam (Shadscale)
SD-380,2021,Sampled,CO,UFO,SD,Ken Holsinger,,NA,,SD,Terrestrial AIM ,Random   ,No,NA,NA,No,NA,6/3/2021,38.7945703,-107.8426008,R034XY262CO Salt Flats
SD-381,2022,Sampled,CO,UFO,SD,Ken Holsinger,,NA,,SD,Terrestrial AIM ,Random   ,No,NA,NA,No,NA,7/13/2021,38.8187726,-108.1179906,R034XY404CO Stony Saltdesert
SD-382,2022,Sampled,CO,UFO,SD,Ken Holsinger,,NA,,PJ,Terrestrial AIM ,Random   ,No,NA,NA,Yes,Moved North to avoid slope. ,9/8/2021,38.5942622,-108.1768958,R036XY287CO Stony Foothills
SD-383,2022,Sampled,CO,UFO,SD,Ken Holsinger,,NA,,SS,Terrestrial AIM ,Random   ,No,NA,NA,No,NA,8/16/2021,38.3929051905745,-107.761667593245,R036XY289CO Clayey Foothills
SD-384,2022,Sampled,CO,UFO,SD,Ken Holsinger,,NA,,SD,Terrestrial AIM ,Random   ,No,NA,NA,No,NA,6/3/2021,38.7782489719679,-107.687431130028,R034BY106UT Desert Loam (Shadscale)
SD-385,2022,Sampled,CO,UFO,SD,Ken Holsinger,,NA,,Salt Desert ,Terrestrial AIM ,Random   ,No,NA,NA,No,NA,6/29/2021,38.7963486,-108.2073565,R034XY404CO Stony Saltdesert
SD-386,2022,Sampled,CO,UFO,SD,Ken Holsinger,,NA,,Salt Desert ,Terrestrial AIM ,Random   ,No,NA,NA,No,NA,6/29/2021,38.7677661261407,-108.208655244709,R034XY262CO Salt Flats
SD-387,2022,Sampled,CO,UFO,SD,Ken Holsinger,,NA,,Salt Desert ,Terrestrial AIM ,Random   ,No,NA,NA,No,NA,6/29/2021,38.7781351,-108.2563349,R034XY406CO Saltdesert Breaks
SD-388,2022,Sampled,CO,UFO,SD,Ken Holsinger,,NA,,Salt Desert ,Terrestrial AIM ,Random   ,No,NA,NA,No,NA,10/1/2021,38.7669221,-108.3073452,R034BY106UT Desert Loam (Shadscale)
SD-389,2022,Rejected,CO,UFO,SD,Ken Holsinger,,Field Reject - Slope over 50% and couldn't move to avoid slope.,,Rejected,Terrestrial AIM ,Random   ,No,NA,NA,NA,NA,NA,NA,NA,NA
SD-390,2022,Rejected,CO,UFO,SD,Ken Holsinger,,Field Reject - Slope over 50% and couldn't move to avoid slope.,,Rejected,Terrestrial AIM ,Random   ,No,NA,NA,NA,NA,NA,NA,NA,NA
SD-391,2022,Sampled,CO,UFO,SD,Ken Holsinger,,NA,,Salt Desert,Terrestrial AIM ,Random   ,No,NA,NA,No,NA,8/14/2021,38.3373040350014,-108.690542467719,R036XY113CO Semidesert Juniper Loam
SS-273,2021,Sampled,CO,UFO,SS,Ken Holsinger,,NA,,SS,Terrestrial AIM ,Random   ,No,NA,NA,No,NA,7/14/2021,38.4520440963793,-108.03020293107,R036XY113CO Semidesert Juniper Loam
SS-274,2021,Rejected,CO,UFO,SS,Ken Holsinger,,Office Reject - Slope over 50% no way to move,,Rejected,Terrestrial AIM ,Random   ,No,NA,NA,NA,NA,NA,NA,NA,NA
SS-275,2021,Sampled,CO,UFO,SS,Ken Holsinger,,NA,,PJ,Terrestrial AIM ,Random   ,No,NA,NA,Yes,Slope over 50%,6/20/2021,38.514663316404,-108.755306209079,R036XY114CO Mountain Pinyon
SS-276,2021,Sampled,CO,UFO,SS,Ken Holsinger,,NA,,PJ,Terrestrial AIM ,Random   ,No,NA,NA,No,NA,8/26/2021,38.1782058632434,-108.554240450285,R036XY113CO Semidesert Juniper Loam
SS-277,2021,Sampled,CO,UFO,SS,Ken Holsinger,,N/A,,SS,Terrestrial AIM ,Random   ,No,NA,NA,No,NA,7/6/2021,38.3666272278235,-107.831742195936,R036XY325CO Semidesert Loam
SS-278,2021,Sampled,CO,UFO,SS,Ken Holsinger,,N/A,,SD,Terrestrial AIM ,Random   ,No,NA,NA,No,NA,7/20/2021,38.74,-107.881,R034BY106UT Desert Loam (Shadscale)
SS-279,2021,Sampled,CO,UFO,SS,Ken Holsinger,,N/A,,SS,Terrestrial AIM ,Random   ,No,NA,NA,Yes,Crossed a road,7/17/2021,38.3335387798511,-108.721448730981,R036XY325CO Semidesert Loam
SS-280,2021,Sampled,CO,UFO,SS,Ken Holsinger,,N/A,,SS,Terrestrial AIM ,Random   ,No,NA,NA,No,NA,8/13/2021,38.1816746113745,-108.47882487118,R036XY325CO Semidesert Loam
SS-281,2021,Sampled,CO,UFO,SS,Ken Holsinger,,NA,,SS,Terrestrial AIM ,Random   ,No,NA,NA,No,NA,8/29/2021,38.5871511846159,-107.577115867284,R048AY247CO Deep Clay Loam
SS-282,2021,Sampled,CO,UFO,SS,Ken Holsinger,,NA,,PJ,Terrestrial AIM ,Random   ,No,NA,NA,No,NA,9/11/2021,38.6445958580214,-107.847755684797,R036XY141CO Shallow Loamy Mesa Top (Pinyon-Juniper)
SS-283,2021,Sampled,CO,UFO,SS,Ken Holsinger,,N/A,,SD,Terrestrial AIM ,Random   ,No,NA,NA,No,NA,7/15/2021,38.2417009296394,-108.694760742729,R036XY326CO Semidesert Sandy Loam
SS-284,2021,Sampled,CO,UFO,SS,Ken Holsinger,,N/A,,PJ,Terrestrial AIM ,Random   ,No,NA,NA,Yes,50 m East to avoid slope.,8/12/2021,38.1364365673447,-108.355123239823,R036XY328UT Upland Very Steep Stony Loam (Pinyon/Utah Juniper)
SS-285,2022,Sampled,CO,UFO,SS,Ken Holsinger,,N/A,,SS,Terrestrial AIM ,Random   ,No,NA,NA,No,NA,7/1/2021,38.4263483614535,-107.807452949463,R034XY403CO Clayey Saltdesert
SS-286,2022,Sampled,CO,UFO,SS,Ken Holsinger,,N/A,,SD,Terrestrial AIM ,Random   ,No,NA,NA,No,NA,7/28/2021,38.7710803798928,-107.832618079184,R035XY136UT - Desert Stony Loam (Shadscale-Bud Sagebrush)
SS-287,2022,Sampled,CO,UFO,SS,Ken Holsinger,,N/A,,PJ,Terrestrial AIM ,Random   ,No,NA,NA,No,NA,6/18/2021,38.299976825945,-109.012967681185,R036XY142CO Loamy Mesa Top (Pinyon-Juniper)
SS-288,2022,Sampled,CO,UFO,SS,Ken Holsinger,,NA,,Sage Steppe,Terrestrial AIM ,Random   ,No,NA,NA,Yes,50m East to avoid private,8/13/2021,38.1755952006501,-108.499423353903,R036XY326CO Semidesert Sandy Loam
SS-289,2022,Sampled,CO,UFO,SS,Ken Holsinger,,NA,,PJ,Terrestrial AIM ,Random   ,No,NA,NA,No,NA,7/19/2021,38.5104105654926,-108.084695865077,R036XY113CO Semidesert Juniper Loam
SS-290,2022,Sampled,CO,UFO,SS,Ken Holsinger,,NA,,SD,Terrestrial AIM ,Random   ,No,NA,NA,No,NA,7/3/2021,38.7211621903425,-108.249895194359,R034XY406CO Saltdesert Breaks
SS-291,2022,Sampled,CO,UFO,SS,Ken Holsinger,,NA,,PJ   ,Terrestrial AIM ,Random   ,No,NA,NA,No,NA,10/2/2021,38.7677360516483,-108.333062557,R036XY141CO Shallow Loamy Mesa Top (Pinyon-Juniper)
SS-292,2022,Sampled,CO,UFO,SS,Ken Holsinger,,NA,,"Other (Slick rock with PJ, CEMO, ARBI and ARNO)",Terrestrial AIM ,Random   ,No,NA,NA,Yes,50 m West to avoid very large boulder field.,8/15/2021,38.1653405436994,-108.651064561591,R036XY326CO Semidesert Sandy Loam
SS-293,2022,Sampled,CO,UFO,SS,Ken Holsinger,,NA,,PJ,Terrestrial AIM ,Random   ,No,NA,NA,No,NA,8/10/2021,38.3414923414943,-107.900374125806,R036XY141CO Shallow Loamy Mesa Top (Pinyon-Juniper)
AS-012,OverSample 2020,SAMPLED,CO,UFO,AS,Ken Holsinger,,,,,,,,,,,,,,,DRAFT ESD
AS-013,OverSample 2020,NOT SAMPLED,CO,UFO,AS,Ken Holsinger,,,,,,,,,,,,,,,NA
AS-014,OverSample 2020,REJECTED,CO,UFO,AS,Ken Holsinger,,,,,,,,,,,,,,,NA
AS-015,OverSample 2020,REJECTED,CO,UFO,AS,Ken Holsinger,,,,,,,,,,,,,,,NA
AS-016,OverSample 2021,NOT SAMPLED,CO,UFO,AS,Ken Holsinger,,,,,,,,,,,,,,,NA
AS-017,OverSample 2021,NOT SAMPLED,CO,UFO,AS,Ken Holsinger,,,,,,,,,,,,,,,NA
AS-018,OverSample 2022,NOT SAMPLED,CO,UFO,AS,Ken Holsinger,,,,,,,,,,,,,,,NA
AS-019,OverSample 2022,REJECTED,CO,UFO,AS,Ken Holsinger,,,,,,,,,,,,,,,NA
AS-020,OverSample 2022,NOT SAMPLED,CO,UFO,AS,Ken Holsinger,,,,,,,,,,,,,,,NA
GR-025,2022,SAMPLED,CO,UFO,GR,Ken Holsinger,,,,,,,,,,,,,,,R036XY114CO
GR-026,OverSample 2018,SAMPLED,CO,UFO,GR,Ken Holsinger,,,,,,,,,,,,,,,R036XY114CO
GR-027,OverSample 2018,SAMPLED,CO,UFO,GR,Ken Holsinger,,,,,,,,,,,,,,,NEED MATCHED
GR-028,OverSample 2018,SAMPLED,CO,UFO,GR,Ken Holsinger,,,,,,,,,,,,,,,R034BY106UT
OT-117,OverSample 2018,SAMPLED,CO,UFO,OT,Ken Holsinger,,,,,,,,,,,,,,,R036XY326CO
OT-118,OverSample 2018,REJECTED,CO,UFO,OT,Ken Holsinger,,,,,,,,,,,,,,,NA
OT-119,OverSample 2019,REJECTED,CO,UFO,OT,Ken Holsinger,,,,,,,,,,,,,,,NA
OT-120,OverSample 2019,REJECTED,CO,UFO,OT,Ken Holsinger,,,,,,,,,,,,,,,NA
OT-121,OverSample 2019,REJECTED,CO,UFO,OT,Ken Holsinger,,,,,,,,,,,,,,,NA
OT-122,OverSample 2020,SAMPLED,CO,UFO,OT,Ken Holsinger,,,,,,,,,,,,,,,NEED MATCHED
OT-123,OverSample 2020,REJECTED,CO,UFO,OT,Ken Holsinger,,,,,,,,,,,,,,,NA
OT-124,OverSample 2020,REJECTED,CO,UFO,OT,Ken Holsinger,,,,,,,,,,,,,,,NA
OT-125,OverSample 2021,REJECTED,CO,UFO,OT,Ken Holsinger,,,,,,,,,,,,,,,NA
OT-126,OverSample 2021,SAMPLED,CO,UFO,OT,Ken Holsinger,,,,,,,,,,,,,,,NEED MATCHED
PJ-155,2022,SAMPLED,CO,UFO,PJ,Ken Holsinger,,,,,,,,,,,,,,,R036XY114CO
PJ-158,Oversample 2018,SAMPLED,CO,UFO,PJ,Ken Holsinger,,,,,,,,,,,,,,,R036XY113CO
PJ-159,Oversample 2019,SAMPLED,CO,UFO,PJ,Ken Holsinger,,,,,,,,,,,,,,,R036XY114CO
PJ-160,Oversample 2019,SAMPLED,CO,UFO,PJ,Ken Holsinger,,,,,,,,,,,,,,,R036XY114CO
PJ-161,Oversample 2019,SAMPLED,CO,UFO,PJ,Ken Holsinger,,,,,,,,,,,,,,,R036XY114CO
PJ-162,Oversample 2020,REJECTED,CO,UFO,PJ,Ken Holsinger,,,,,,,,,,,,,,,NA
PJ-163,Oversample 2020,REJECTED,CO,UFO,PJ,Ken Holsinger,,,,,,,,,,,,,,,NA
PJ-164,Oversample 2020,SAMPLED,CO,UFO,PJ,Ken Holsinger,,,,,,,,,,,,,,,NEED MATCHED
PJ-165,Oversample 2021,SAMPLED,CO,UFO,PJ,Ken Holsinger,,,,,,,,,,,,,,,R036XY445CO
PJ-166,Oversample 2021,SAMPLED,CO,UFO,PJ,Ken Holsinger,,,,,,,,,,,,,,,R036XY113CO
PJ-167,Oversample 2021,SAMPLED,CO,UFO,PJ,Ken Holsinger,,,,,,,,,,,,,,,R036XY113CO
PJ-168,Oversample 2022,SAMPLED,CO,UFO,PJ,Ken Holsinger,,,,,,,,,,,,,,,NEED MATCHED
PJ-169,Oversample 2022,REJECTED,CO,UFO,PJ,Ken Holsinger,,,,,,,,,,,,,,,NA
PJ-170,Oversample 2022,SAMPLED,CO,UFO,PJ,Ken Holsinger,,,,,,,,,,,,,,,NEED MATCHED
PP-176,Oversample 2018,SAMPLED,CO,UFO,PP,Ken Holsinger,,,,,,,,,,,,,,,NEED MATCHED
PP-177,Oversample 2018,SAMPLED,CO,UFO,PP,Ken Holsinger,,,,,,,,,,,,,,,R036XY287CO
PP-178,Oversample 2018,REJECTED,CO,UFO,PP,Ken Holsinger,,,,,,,,,,,,,,,NA
PP-179,Oversample 2019,SAMPLED,CO,UFO,PP,Ken Holsinger,,,,,,,,,,,,,,,R036XY289CO
PP-180,Oversample 2019,SAMPLED,CO,UFO,PP,Ken Holsinger,,,,,,,,,,,,,,,R048AY255CO
RI-205,2022,REJECTED,CO,UFO,RI,Ken Holsinger,,,,,,,,,,,,,,,NA
RI-209,Oversample 2019,SAMPLED,CO,UFO,RI,Ken Holsinger,,,,,,,,,,,,,,,NEED MATCHED
RI-210,Oversample 2019,SAMPLED,CO,UFO,RI,Ken Holsinger,,,,,,,,,,,,,,,NEED MATCHED
RI-211,Oversample 2019,REJECTED,CO,UFO,RI,Ken Holsinger,,,,,,,,,,,,,,,NA
RI-212,Oversample 2020,SAMPLED,CO,UFO,RI,Ken Holsinger,,,,,,,,,,,,,,,NEED MATCHED
RI-213,Oversample 2020,REJECTED,CO,UFO,RI,Ken Holsinger,,,,,,,,,,,,,,,NA
RI-214,Oversample 2020,NOT SAMPLED,CO,UFO,RI,Ken Holsinger,,,,,,,,,,,,,,,NA
SS-294,2022,REJECTED,CO,UFO,SS,Ken Holsinger,,,,,,,,,,,,,,,NA
SS-295,2022,SAMPLED,CO,UFO,SS,Ken Holsinger,,,,,,,,,,,,,,,R036XY114CO
SS-296,2022,SAMPLED,CO,UFO,SS,Ken Holsinger,,,,,,,,,,,,,,,UNMATCHABLE
SS-297,2022,SAMPLED,CO,UFO,SS,Ken Holsinger,,,,,,,,,,,,,,,R034BY106UT
SS-298,2022,SAMPLED,CO,UFO,SS,Ken Holsinger,,,,,,,,,,,,,,,NEED MATCHED
SS-299,2022,SAMPLED,CO,UFO,SS,Ken Holsinger,,,,,,,,,,,,,,,R036XY325CO
SS-300,2022,SAMPLED,CO,UFO,SS,Ken Holsinger,,,,,,,,,,,,,,,R034XY327CO
SS-305,Oversample 2019,SAMPLED,CO,UFO,SS,Ken Holsinger,,,,,,,,,,,,,,,R036XY113CO
SS-306,Oversample 2019,SAMPLED,CO,UFO,SS,Ken Holsinger,,,,,,,,,,,,,,,R034BY212UT
SS-307,Oversample 2019,SAMPLED,CO,UFO,SS,Ken Holsinger,,,,,,,,,,,,,,,R036XY326CO
SS-308,Oversample 2019,SAMPLED,CO,UFO,SS,Ken Holsinger,,,,,,,,,,,,,,,R036XY284CO
SS-309,Oversample 2020,REJECTED,CO,UFO,SS,Ken Holsinger,,,,,,,,,,,,,,,NA
SS-310,Oversample 2020,SAMPLED,CO,UFO,SS,Ken Holsinger,,,,,,,,,,,,,,,R034XY404CO
SS-311,Oversample 2020,SAMPLED,CO,UFO,SS,Ken Holsinger,,,,,,,,,,,,,,,R036XY326CO
SS-312,Oversample 2020,SAMPLED,CO,UFO,SS,Ken Holsinger,,,,,,,,,,,,,,,R036XY284CO
SS-313,Oversample 2021,SAMPLED,CO,UFO,SS,Ken Holsinger,,,,,,,,,,,,,,,R036XY114CO
SS-314,Oversample 2021,SAMPLED,CO,UFO,SS,Ken Holsinger,,,,,,,,,,,,,,,NEED MATCHED
SS-315,Oversample 2021,SAMPLED,CO,UFO,SS,Ken Holsinger,,,,,,,,,,,,,,,NEED MATCHED
SS-316,Oversample 2021,SAMPLED,CO,UFO,SS,Ken Holsinger,,,,,,,,,,,,,,,R036XY284CO
SS-317,Oversample 2022,REJECTED,CO,UFO,SS,Ken Holsinger,,,,,,,,,,,,,,,NA
SS-318,Oversample 2022,SAMPLED,CO,UFO,SS,Ken Holsinger,,,,,,,,,,,,,,,R036XY289CO
SS-319,Oversample 2022,SAMPLED,CO,UFO,SS,Ken Holsinger,,,,,,,,,,,,,,,R036XY326CO
SS-320,Oversample 2022,SAMPLED,CO,UFO,SS,Ken Holsinger,,,,,,,,,,,,,,,R036XY284CO
SD-392,2022,SAMPLED,CO,UFO,SD,Ken Holsinger,,,,,,,,,,,,,,,R034BY117UT
SD-393,2022,SAMPLED,CO,UFO,SD,Ken Holsinger,,,,,,,,,,,,,,,R036XY114CO
SD-394,2022,SAMPLED,CO,UFO,SD,Ken Holsinger,,,,,,,,,,,,,,,NEED MATCHED
SD-395,2022,SAMPLED,CO,UFO,SD,Ken Holsinger,,,,,,,,,,,,,,,NEED MATCHED
SD-399,Oversample 2019,SAMPLED,CO,UFO,SD,Ken Holsinger,,,,,,,,,,,,,,,R034XY298CO
SD-400,Oversample 2019,REJECTED,CO,UFO,SD,Ken Holsinger,,,,,,,,,,,,,,,NA
SD-401,Oversample 2019,SAMPLED,CO,UFO,SD,Ken Holsinger,,,,,,,,,,,,,,,R036XY113CO
SD-402,Oversample 2020,REJECTED,CO,UFO,SD,Ken Holsinger,,,,,,,,,,,,,,,NA
SD-403,Oversample 2020,SAMPLED,CO,UFO,SD,Ken Holsinger,,,,,,,,,,,,,,,R036XY284CO
SD-404,Oversample 2020,SAMPLED,CO,UFO,SD,Ken Holsinger,,,,,,,,,,,,,,,R034BY117UT
SD-405,Oversample 2021,SAMPLED,CO,UFO,SD,Ken Holsinger,,,,,,,,,,,,,,,NEED MATCHED
SD-406,Oversample 2021,REJECTED,CO,UFO,SD,Ken Holsinger,,,,,,,,,,,,,,,NA
SD-407,Oversample 2021,SAMPLED,CO,UFO,SD,Ken Holsinger,,,,,,,,,,,,,,,R034BY117UT
SD-408,Oversample 2022,SAMPLED,CO,UFO,SD,Ken Holsinger,,,,,,,,,,,,,,,R034BY112UT
SD-409,Oversample 2022,SAMPLED,CO,UFO,SD,Ken Holsinger,,,,,,,,,,,,,,,NEED MATCHED
SD-410,Oversample 2022,SAMPLED,CO,UFO,SD,Ken Holsinger,,,,,,,,,,,,,,,R034BY109UT
SD-411,Oversample 2022,SAMPLED,CO,UFO,SD,Ken Holsinger,,,,,,,,,,,,,,,R034BY109UT
SD-412,Oversample 2022,SAMPLED,CO,UFO,SD,Ken Holsinger,,,,,,,,,,,,,,,R034BY109UT
SD-413,Oversample 2022,SAMPLED,CO,UFO,SD,Ken Holsinger,,,,,,,,,,,,,,,R036XY113CO
SD-414,Oversample 2022,SAMPLED,CO,UFO,SD,Ken Holsinger,,,,,,,,,,,,,,,R034BY117UT
MMS-095,2022,SAMPLED,CO,UFO,MMS,Ken Holsinger,,,,,,,,,,,,,,,R036XY284CO
MMS-096,Oversample 2018,SAMPLED,CO,UFO,MMS,Ken Holsinger,,,,,,,,,,,,,,,R036XY113CO
MMS-097,Oversample 2018,SAMPLED,CO,UFO,MMS,Ken Holsinger,,,,,,,,,,,,,,,NEED MATCHED
MMS-098,Oversample 2018,SAMPLED,CO,UFO,MMS,Ken Holsinger,,,,,,,,,,,,,,,DRAFT ESD
MMS-099,Oversample 2019,SAMPLED,CO,UFO,MMS,Ken Holsinger,,,,,,,,,,,,,,,NEED MATCHED
MMS-100,Oversample 2019,SAMPLED,CO,UFO,MMS,Ken Holsinger,,,,,,,,,,,,,,,R036XY284CO
MMS-101,Oversample 2019,SAMPLED,CO,UFO,MMS,Ken Holsinger,,,,,,,,,,,,,,,R048AY306UT
MMS-102,Oversample 2020,SAMPLED,CO,UFO,MMS,Ken Holsinger,,,,,,,,,,,,,,,R034BY006UT
MMS-103,Oversample 2020,REJECTED,CO,UFO,MMS,Ken Holsinger,,,,,,,,,,,,,,,NA
MMS-104,Oversample 2020,REJECTED,CO,UFO,MMS,Ken Holsinger,,,,,,,,,,,,,,,NA
MMS-105,Oversample 2021,NOT SAMPLED,CO,UFO,MMS,Ken Holsinger,,,,,,,,,,,,,,,NA
